2026-04-28 20:57:17 [main] INFO  - [Utils] MethodGroupsHelper.collectMethodsByGroup() took 0 ms.
2026-04-28 20:57:17 [main] INFO  - [Utils] MethodGroupsHelper.sortMethods() took 0 ms.
2026-04-28 20:57:17 [main] INFO  - [Utils] MethodGroupsHelper.collectMethodsByGroup() took 0 ms.
2026-04-28 20:57:17 [main] INFO  - [Utils] MethodGroupsHelper.sortMethods() took 0 ms.
2026-04-28 20:57:17 [main] INFO  - [Utils] MethodGroupsHelper.collectMethodsByGroup() took 0 ms.
2026-04-28 20:57:17 [main] INFO  - [Utils] MethodGroupsHelper.sortMethods() took 0 ms.
2026-04-28 20:57:17 [main] INFO  - [Utils] MethodGroupsHelper.collectMethodsByGroup() took 0 ms.
2026-04-28 20:57:17 [main] INFO  - [Utils] MethodGroupsHelper.sortMethods() took 0 ms.
2026-04-28 20:57:17 [main] INFO  - [Utils] MethodGroupsHelper.collectMethodsByGroup() took 0 ms.
2026-04-28 20:57:17 [main] INFO  - [Utils] MethodGroupsHelper.sortMethods() took 0 ms.
2026-04-28 20:57:17 [main] INFO  - [Utils] MethodGroupsHelper.collectMethodsByGroup() took 0 ms.
2026-04-28 20:57:17 [main] INFO  - [Utils] MethodGroupsHelper.sortMethods() took 0 ms.
2026-04-28 20:57:17 [main] INFO  - [Utils] MethodGroupsHelper.collectMethodsByGroup() took 0 ms.
2026-04-28 20:57:17 [main] INFO  - [Utils] MethodGroupsHelper.sortMethods() took 0 ms.
2026-04-28 20:57:17 [main] INFO  - [Utils] MethodGroupsHelper.collectMethodsByGroup() took 0 ms.
2026-04-28 20:57:17 [main] INFO  - [Utils] MethodGroupsHelper.sortMethods() took 0 ms.
2026-04-28 20:57:17 [main] INFO  - [Utils] MethodGroupsHelper.collectMethodsByGroup() took 0 ms.
2026-04-28 20:57:17 [main] INFO  - [Utils] MethodGroupsHelper.sortMethods() took 0 ms.
2026-04-28 20:57:17 [main] INFO  - [Utils] MethodGroupsHelper.collectMethodsByGroup() took 0 ms.
2026-04-28 20:57:17 [main] INFO  - [Utils] MethodGroupsHelper.sortMethods() took 0 ms.
2026-04-28 20:57:17 [main] INFO  - [Utils] MethodGroupsHelper.collectMethodsByGroup() took 0 ms.
2026-04-28 20:57:17 [main] INFO  - [Utils] MethodGroupsHelper.sortMethods() took 0 ms.
2026-04-28 20:57:17 [main] INFO  - [Utils] MethodGroupsHelper.collectMethodsByGroup() took 0 ms.
2026-04-28 20:57:17 [main] INFO  - [Utils] MethodGroupsHelper.sortMethods() took 0 ms.
2026-04-28 20:57:17 [main] INFO  - [Utils] MethodGroupsHelper.collectMethodsByGroup() took 6 ms.
2026-04-28 20:57:17 [main] INFO  - [Utils] MethodGroupsHelper.sortMethods() took 2 ms.
2026-04-28 20:57:17 [main] INFO  - [Utils] MethodGroupsHelper.collectMethodsByGroup() took 0 ms.
2026-04-28 20:57:17 [main] INFO  - [Utils] MethodGroupsHelper.sortMethods() took 0 ms.
2026-04-28 20:57:17 [main] INFO  - [Utils] MethodGroupsHelper.collectMethodsByGroup() took 0 ms.
2026-04-28 20:57:17 [main] INFO  - [Utils] MethodGroupsHelper.sortMethods() took 0 ms.
2026-04-28 20:57:17 [main] INFO  - [TestNG] Running:
  C:\Users\Aishw\AppData\Local\Temp\testng-eclipse--1247590683\testng-customsuite.xml

2026-04-28 20:57:17 [main] INFO  - [Utils] DynamicGraphHelper.createDynamicGraph() took 4 ms.
2026-04-28 20:57:17 [main] INFO  - Login test is started
2026-04-28 20:57:17 [main] INFO  - Launching the browser
2026-04-28 20:57:18 [main] INFO  - Navigating to login page
2026-04-28 20:57:21 [main] INFO  - Login page is displayed
2026-04-28 20:57:21 [main] WARN  - Close the browser
2026-04-28 20:57:21 [main] INFO  - [TestNG] Time taken by org.testng.reporters.jq.Main@69e308c6: 35 ms
2026-04-28 20:57:21 [main] INFO  - [TestNG] Time taken by org.testng.reporters.FailedReporter@1c6e0a08: 1 ms
2026-04-28 20:57:21 [main] INFO  - [TestNG] Time taken by org.testng.reporters.XMLReporter@417ad4f3: 4 ms
2026-04-28 20:57:21 [main] INFO  - [TestNG] Time taken by org.testng.reporters.EmailableReporter2@5e76a2bb: 3 ms
2026-04-28 20:57:21 [main] INFO  - [TestNG] Time taken by org.testng.reporters.JUnitReportReporter@456be73c: 4 ms
2026-04-28 20:57:21 [main] INFO  - [TestNG] Time taken by org.testng.internal.ExitCodeListener@2375b321: 1 ms
2026-04-28 20:58:03 [main] INFO  - [Utils] MethodGroupsHelper.collectMethodsByGroup() took 1 ms.
2026-04-28 20:58:03 [main] INFO  - [Utils] MethodGroupsHelper.sortMethods() took 1 ms.
2026-04-28 20:58:03 [main] INFO  - [Utils] MethodGroupsHelper.collectMethodsByGroup() took 0 ms.
2026-04-28 20:58:03 [main] INFO  - [Utils] MethodGroupsHelper.sortMethods() took 0 ms.
2026-04-28 20:58:03 [main] INFO  - [Utils] MethodGroupsHelper.collectMethodsByGroup() took 0 ms.
2026-04-28 20:58:03 [main] INFO  - [Utils] MethodGroupsHelper.sortMethods() took 0 ms.
2026-04-28 20:58:03 [main] INFO  - [Utils] MethodGroupsHelper.collectMethodsByGroup() took 0 ms.
2026-04-28 20:58:03 [main] INFO  - [Utils] MethodGroupsHelper.sortMethods() took 0 ms.
2026-04-28 20:58:03 [main] INFO  - [Utils] MethodGroupsHelper.collectMethodsByGroup() took 0 ms.
2026-04-28 20:58:03 [main] INFO  - [Utils] MethodGroupsHelper.sortMethods() took 0 ms.
2026-04-28 20:58:03 [main] INFO  - [Utils] MethodGroupsHelper.collectMethodsByGroup() took 0 ms.
2026-04-28 20:58:03 [main] INFO  - [Utils] MethodGroupsHelper.sortMethods() took 0 ms.
2026-04-28 20:58:03 [main] INFO  - [Utils] MethodGroupsHelper.collectMethodsByGroup() took 0 ms.
2026-04-28 20:58:03 [main] INFO  - [Utils] MethodGroupsHelper.sortMethods() took 0 ms.
2026-04-28 20:58:03 [main] INFO  - [Utils] MethodGroupsHelper.collectMethodsByGroup() took 0 ms.
2026-04-28 20:58:03 [main] INFO  - [Utils] MethodGroupsHelper.sortMethods() took 0 ms.
2026-04-28 20:58:03 [main] INFO  - [Utils] MethodGroupsHelper.collectMethodsByGroup() took 0 ms.
2026-04-28 20:58:03 [main] INFO  - [Utils] MethodGroupsHelper.sortMethods() took 0 ms.
2026-04-28 20:58:03 [main] INFO  - [Utils] MethodGroupsHelper.collectMethodsByGroup() took 0 ms.
2026-04-28 20:58:03 [main] INFO  - [Utils] MethodGroupsHelper.sortMethods() took 0 ms.
2026-04-28 20:58:03 [main] INFO  - [Utils] MethodGroupsHelper.collectMethodsByGroup() took 0 ms.
2026-04-28 20:58:03 [main] INFO  - [Utils] MethodGroupsHelper.sortMethods() took 0 ms.
2026-04-28 20:58:03 [main] INFO  - [Utils] MethodGroupsHelper.collectMethodsByGroup() took 0 ms.
2026-04-28 20:58:03 [main] INFO  - [Utils] MethodGroupsHelper.sortMethods() took 0 ms.
2026-04-28 20:58:03 [main] INFO  - [Utils] MethodGroupsHelper.collectMethodsByGroup() took 4 ms.
2026-04-28 20:58:03 [main] INFO  - [Utils] MethodGroupsHelper.sortMethods() took 4 ms.
2026-04-28 20:58:03 [main] INFO  - [Utils] MethodGroupsHelper.collectMethodsByGroup() took 0 ms.
2026-04-28 20:58:03 [main] INFO  - [Utils] MethodGroupsHelper.sortMethods() took 0 ms.
2026-04-28 20:58:03 [main] INFO  - [Utils] MethodGroupsHelper.collectMethodsByGroup() took 0 ms.
2026-04-28 20:58:03 [main] INFO  - [Utils] MethodGroupsHelper.sortMethods() took 0 ms.
2026-04-28 20:58:03 [main] INFO  - [TestNG] Running:
  C:\Users\Aishw\AppData\Local\Temp\testng-eclipse-1967584020\testng-customsuite.xml

2026-04-28 20:58:03 [main] INFO  - [Utils] DynamicGraphHelper.createDynamicGraph() took 4 ms.
2026-04-28 20:58:03 [main] INFO  - Login test is started
2026-04-28 20:58:03 [main] INFO  - Launching the browser
2026-04-28 20:58:04 [main] INFO  - Navigating to login page
2026-04-28 20:58:07 [main] INFO  - Login page is displayed
2026-04-28 20:58:07 [main] WARN  - Close the browser
2026-04-28 20:58:07 [main] INFO  - [TestNG] Time taken by org.testng.reporters.jq.Main@1a1ed4e5: 34 ms
2026-04-28 20:58:07 [main] INFO  - [TestNG] Time taken by org.testng.reporters.FailedReporter@6dba847b: 1 ms
2026-04-28 20:58:07 [main] INFO  - [TestNG] Time taken by org.testng.reporters.XMLReporter@2f6bcf87: 5 ms
2026-04-28 20:58:07 [main] INFO  - [TestNG] Time taken by org.testng.reporters.EmailableReporter2@757194dc: 3 ms
2026-04-28 20:58:07 [main] INFO  - [TestNG] Time taken by org.testng.reporters.JUnitReportReporter@2375b321: 4 ms
2026-04-28 20:58:07 [main] INFO  - [TestNG] Time taken by org.testng.internal.ExitCodeListener@5baaae4c: 0 ms
2026-04-28 20:59:28 [main] INFO  - [Utils] MethodGroupsHelper.collectMethodsByGroup() took 0 ms.
2026-04-28 20:59:28 [main] INFO  - [Utils] MethodGroupsHelper.sortMethods() took 1 ms.
2026-04-28 20:59:28 [main] INFO  - [Utils] MethodGroupsHelper.collectMethodsByGroup() took 0 ms.
2026-04-28 20:59:28 [main] INFO  - [Utils] MethodGroupsHelper.sortMethods() took 0 ms.
2026-04-28 20:59:28 [main] INFO  - [Utils] MethodGroupsHelper.collectMethodsByGroup() took 0 ms.
2026-04-28 20:59:28 [main] INFO  - [Utils] MethodGroupsHelper.sortMethods() took 0 ms.
2026-04-28 20:59:28 [main] INFO  - [Utils] MethodGroupsHelper.collectMethodsByGroup() took 0 ms.
2026-04-28 20:59:28 [main] INFO  - [Utils] MethodGroupsHelper.sortMethods() took 0 ms.
2026-04-28 20:59:28 [main] INFO  - [Utils] MethodGroupsHelper.collectMethodsByGroup() took 0 ms.
2026-04-28 20:59:28 [main] INFO  - [Utils] MethodGroupsHelper.sortMethods() took 0 ms.
2026-04-28 20:59:28 [main] INFO  - [Utils] MethodGroupsHelper.collectMethodsByGroup() took 0 ms.
2026-04-28 20:59:28 [main] INFO  - [Utils] MethodGroupsHelper.sortMethods() took 0 ms.
2026-04-28 20:59:28 [main] INFO  - [Utils] MethodGroupsHelper.collectMethodsByGroup() took 0 ms.
2026-04-28 20:59:28 [main] INFO  - [Utils] MethodGroupsHelper.sortMethods() took 0 ms.
2026-04-28 20:59:28 [main] INFO  - [Utils] MethodGroupsHelper.collectMethodsByGroup() took 0 ms.
2026-04-28 20:59:28 [main] INFO  - [Utils] MethodGroupsHelper.sortMethods() took 0 ms.
2026-04-28 20:59:28 [main] INFO  - [Utils] MethodGroupsHelper.collectMethodsByGroup() took 0 ms.
2026-04-28 20:59:28 [main] INFO  - [Utils] MethodGroupsHelper.sortMethods() took 0 ms.
2026-04-28 20:59:28 [main] INFO  - [Utils] MethodGroupsHelper.collectMethodsByGroup() took 0 ms.
2026-04-28 20:59:28 [main] INFO  - [Utils] MethodGroupsHelper.sortMethods() took 0 ms.
2026-04-28 20:59:28 [main] INFO  - [Utils] MethodGroupsHelper.collectMethodsByGroup() took 0 ms.
2026-04-28 20:59:28 [main] INFO  - [Utils] MethodGroupsHelper.sortMethods() took 0 ms.
2026-04-28 20:59:28 [main] INFO  - [Utils] MethodGroupsHelper.collectMethodsByGroup() took 0 ms.
2026-04-28 20:59:28 [main] INFO  - [Utils] MethodGroupsHelper.sortMethods() took 0 ms.
2026-04-28 20:59:28 [main] INFO  - [Utils] MethodGroupsHelper.collectMethodsByGroup() took 3 ms.
2026-04-28 20:59:28 [main] INFO  - [Utils] MethodGroupsHelper.sortMethods() took 5 ms.
2026-04-28 20:59:28 [main] INFO  - [Utils] MethodGroupsHelper.collectMethodsByGroup() took 1 ms.
2026-04-28 20:59:28 [main] INFO  - [Utils] MethodGroupsHelper.sortMethods() took 0 ms.
2026-04-28 20:59:28 [main] INFO  - [Utils] MethodGroupsHelper.collectMethodsByGroup() took 0 ms.
2026-04-28 20:59:28 [main] INFO  - [Utils] MethodGroupsHelper.sortMethods() took 0 ms.
2026-04-28 20:59:28 [main] INFO  - [TestNG] Running:
  C:\Users\Aishw\AppData\Local\Temp\testng-eclipse-2029482620\testng-customsuite.xml

2026-04-28 20:59:28 [main] INFO  - [Utils] DynamicGraphHelper.createDynamicGraph() took 4 ms.
2026-04-28 20:59:28 [main] INFO  - Login test is started
2026-04-28 20:59:28 [main] INFO  - Launching the browser
2026-04-28 20:59:29 [main] INFO  - Navigating to login page
2026-04-28 20:59:32 [main] ERROR - Login page is not displayed
2026-04-28 20:59:32 [main] WARN  - Close the browser
2026-04-28 20:59:32 [main] INFO  - [TestNG] Time taken by org.testng.reporters.jq.Main@1a1ed4e5: 28 ms
2026-04-28 20:59:32 [main] INFO  - [TestNG] Time taken by org.testng.reporters.FailedReporter@6dba847b: 1 ms
2026-04-28 20:59:32 [main] INFO  - [TestNG] Time taken by org.testng.reporters.XMLReporter@2f6bcf87: 3 ms
2026-04-28 20:59:32 [main] INFO  - [TestNG] Time taken by org.testng.reporters.EmailableReporter2@757194dc: 3 ms
2026-04-28 20:59:32 [main] INFO  - [TestNG] Time taken by org.testng.reporters.JUnitReportReporter@2375b321: 2 ms
2026-04-28 20:59:32 [main] INFO  - [TestNG] Time taken by org.testng.internal.ExitCodeListener@5baaae4c: 0 ms
"2026-04-28 21:06:33 [main] INFO  - [Utils] MethodGroupsHelper.collectMethodsByGroup() took 1 ms.
""2026-04-28 21:06:33 [main] INFO  - [Utils] MethodGroupsHelper.sortMethods() took 0 ms.
""2026-04-28 21:06:33 [main] INFO  - [Utils] MethodGroupsHelper.collectMethodsByGroup() took 0 ms.
""2026-04-28 21:06:33 [main] INFO  - [Utils] MethodGroupsHelper.sortMethods() took 0 ms.
""2026-04-28 21:06:33 [main] INFO  - [Utils] MethodGroupsHelper.collectMethodsByGroup() took 0 ms.
""2026-04-28 21:06:33 [main] INFO  - [Utils] MethodGroupsHelper.sortMethods() took 0 ms.
""2026-04-28 21:06:33 [main] INFO  - [Utils] MethodGroupsHelper.collectMethodsByGroup() took 0 ms.
""2026-04-28 21:06:33 [main] INFO  - [Utils] MethodGroupsHelper.sortMethods() took 0 ms.
""2026-04-28 21:06:33 [main] INFO  - [Utils] MethodGroupsHelper.collectMethodsByGroup() took 0 ms.
""2026-04-28 21:06:33 [main] INFO  - [Utils] MethodGroupsHelper.sortMethods() took 0 ms.
""2026-04-28 21:06:33 [main] INFO  - [Utils] MethodGroupsHelper.collectMethodsByGroup() took 0 ms.
""2026-04-28 21:06:33 [main] INFO  - [Utils] MethodGroupsHelper.sortMethods() took 0 ms.
""2026-04-28 21:06:33 [main] INFO  - [Utils] MethodGroupsHelper.collectMethodsByGroup() took 0 ms.
""2026-04-28 21:06:33 [main] INFO  - [Utils] MethodGroupsHelper.sortMethods() took 0 ms.
""2026-04-28 21:06:33 [main] INFO  - [Utils] MethodGroupsHelper.collectMethodsByGroup() took 0 ms.
""2026-04-28 21:06:33 [main] INFO  - [Utils] MethodGroupsHelper.sortMethods() took 0 ms.
""2026-04-28 21:06:33 [main] INFO  - [Utils] MethodGroupsHelper.collectMethodsByGroup() took 0 ms.
""2026-04-28 21:06:33 [main] INFO  - [Utils] MethodGroupsHelper.sortMethods() took 0 ms.
""2026-04-28 21:06:33 [main] INFO  - [Utils] MethodGroupsHelper.collectMethodsByGroup() took 0 ms.
""2026-04-28 21:06:33 [main] INFO  - [Utils] MethodGroupsHelper.sortMethods() took 0 ms.
""2026-04-28 21:06:33 [main] INFO  - [Utils] MethodGroupsHelper.collectMethodsByGroup() took 0 ms.
""2026-04-28 21:06:33 [main] INFO  - [Utils] MethodGroupsHelper.sortMethods() took 0 ms.
""2026-04-28 21:06:33 [main] INFO  - [Utils] MethodGroupsHelper.collectMethodsByGroup() took 0 ms.
""2026-04-28 21:06:33 [main] INFO  - [Utils] MethodGroupsHelper.sortMethods() took 0 ms.
""2026-04-28 21:06:33 [main] INFO  - [Utils] MethodGroupsHelper.collectMethodsByGroup() took 4 ms.
""2026-04-28 21:06:33 [main] INFO  - [Utils] MethodGroupsHelper.sortMethods() took 3 ms.
""2026-04-28 21:06:33 [main] INFO  - [Utils] MethodGroupsHelper.collectMethodsByGroup() took 0 ms.
""2026-04-28 21:06:33 [main] INFO  - [Utils] MethodGroupsHelper.sortMethods() took 0 ms.
""2026-04-28 21:06:33 [main] INFO  - [Utils] MethodGroupsHelper.collectMethodsByGroup() took 0 ms.
""2026-04-28 21:06:33 [main] INFO  - [Utils] MethodGroupsHelper.sortMethods() took 0 ms.
""2026-04-28 21:06:33 [main] INFO  - [TestNG] Running:
  C:\Users\Aishw\AppData\Local\Temp\testng-eclipse--1440201574\testng-customsuite.xml

""2026-04-28 21:06:33 [main] INFO  - [Utils] DynamicGraphHelper.createDynamicGraph() took 3 ms.
""2026-04-28 21:06:33 [main] INFO  - Login test is started
""2026-04-28 21:06:33 [main] INFO  - Launching the browser
""2026-04-28 21:06:34 [main] INFO  - Navigating to login page
""2026-04-28 21:06:37 [main] ERROR - Login page is not displayed
""2026-04-28 21:06:37 [main] WARN  - Close the browser
""2026-04-28 21:06:37 [main] INFO  - [TestNG] Time taken by org.testng.reporters.jq.Main@1c6e0a08: 35 ms
""2026-04-28 21:06:37 [main] INFO  - [TestNG] Time taken by org.testng.reporters.FailedReporter@1623bbe5: 1 ms
""2026-04-28 21:06:37 [main] INFO  - [TestNG] Time taken by org.testng.reporters.XMLReporter@78c7f9b3: 4 ms
""2026-04-28 21:06:37 [main] INFO  - [TestNG] Time taken by org.testng.reporters.EmailableReporter2@14faa38c: 3 ms
""2026-04-28 21:06:37 [main] INFO  - [TestNG] Time taken by org.testng.reporters.JUnitReportReporter@5b6e8f77: 2 ms
""2026-04-28 21:06:37 [main] INFO  - [TestNG] Time taken by org.testng.internal.ExitCodeListener@41a6d121: 0 ms
""2026-04-28 21:07:35 [main] INFO  org.testng.internal.Utils - [Utils] MethodGroupsHelper.collectMethodsByGroup() took 0 ms.
""2026-04-28 21:07:35 [main] INFO  org.testng.internal.Utils - [Utils] MethodGroupsHelper.sortMethods() took 1 ms.
""2026-04-28 21:07:35 [main] INFO  org.testng.internal.Utils - [Utils] MethodGroupsHelper.collectMethodsByGroup() took 0 ms.
""2026-04-28 21:07:35 [main] INFO  org.testng.internal.Utils - [Utils] MethodGroupsHelper.sortMethods() took 0 ms.
""2026-04-28 21:07:35 [main] INFO  org.testng.internal.Utils - [Utils] MethodGroupsHelper.collectMethodsByGroup() took 0 ms.
""2026-04-28 21:07:35 [main] INFO  org.testng.internal.Utils - [Utils] MethodGroupsHelper.sortMethods() took 0 ms.
""2026-04-28 21:07:35 [main] INFO  org.testng.internal.Utils - [Utils] MethodGroupsHelper.collectMethodsByGroup() took 0 ms.
""2026-04-28 21:07:35 [main] INFO  org.testng.internal.Utils - [Utils] MethodGroupsHelper.sortMethods() took 0 ms.
""2026-04-28 21:07:35 [main] INFO  org.testng.internal.Utils - [Utils] MethodGroupsHelper.collectMethodsByGroup() took 0 ms.
""2026-04-28 21:07:35 [main] INFO  org.testng.internal.Utils - [Utils] MethodGroupsHelper.sortMethods() took 0 ms.
""2026-04-28 21:07:35 [main] INFO  org.testng.internal.Utils - [Utils] MethodGroupsHelper.collectMethodsByGroup() took 0 ms.
""2026-04-28 21:07:35 [main] INFO  org.testng.internal.Utils - [Utils] MethodGroupsHelper.sortMethods() took 0 ms.
""2026-04-28 21:07:35 [main] INFO  org.testng.internal.Utils - [Utils] MethodGroupsHelper.collectMethodsByGroup() took 0 ms.
""2026-04-28 21:07:35 [main] INFO  org.testng.internal.Utils - [Utils] MethodGroupsHelper.sortMethods() took 0 ms.
""2026-04-28 21:07:35 [main] INFO  org.testng.internal.Utils - [Utils] MethodGroupsHelper.collectMethodsByGroup() took 0 ms.
""2026-04-28 21:07:35 [main] INFO  org.testng.internal.Utils - [Utils] MethodGroupsHelper.sortMethods() took 0 ms.
""2026-04-28 21:07:35 [main] INFO  org.testng.internal.Utils - [Utils] MethodGroupsHelper.collectMethodsByGroup() took 0 ms.
""2026-04-28 21:07:35 [main] INFO  org.testng.internal.Utils - [Utils] MethodGroupsHelper.sortMethods() took 0 ms.
""2026-04-28 21:07:35 [main] INFO  org.testng.internal.Utils - [Utils] MethodGroupsHelper.collectMethodsByGroup() took 0 ms.
""2026-04-28 21:07:35 [main] INFO  org.testng.internal.Utils - [Utils] MethodGroupsHelper.sortMethods() took 0 ms.
""2026-04-28 21:07:35 [main] INFO  org.testng.internal.Utils - [Utils] MethodGroupsHelper.collectMethodsByGroup() took 0 ms.
""2026-04-28 21:07:35 [main] INFO  org.testng.internal.Utils - [Utils] MethodGroupsHelper.sortMethods() took 0 ms.
""2026-04-28 21:07:35 [main] INFO  org.testng.internal.Utils - [Utils] MethodGroupsHelper.collectMethodsByGroup() took 0 ms.
""2026-04-28 21:07:35 [main] INFO  org.testng.internal.Utils - [Utils] MethodGroupsHelper.sortMethods() took 0 ms.
""2026-04-28 21:07:35 [main] INFO  org.testng.internal.Utils - [Utils] MethodGroupsHelper.collectMethodsByGroup() took 5 ms.
""2026-04-28 21:07:35 [main] INFO  org.testng.internal.Utils - [Utils] MethodGroupsHelper.sortMethods() took 4 ms.
""2026-04-28 21:07:35 [main] INFO  org.testng.internal.Utils - [Utils] MethodGroupsHelper.collectMethodsByGroup() took 0 ms.
""2026-04-28 21:07:35 [main] INFO  org.testng.internal.Utils - [Utils] MethodGroupsHelper.sortMethods() took 0 ms.
""2026-04-28 21:07:35 [main] INFO  org.testng.internal.Utils - [Utils] MethodGroupsHelper.collectMethodsByGroup() took 0 ms.
""2026-04-28 21:07:35 [main] INFO  org.testng.internal.Utils - [Utils] MethodGroupsHelper.sortMethods() took 0 ms.
""2026-04-28 21:07:35 [main] INFO  org.testng.internal.Utils - [TestNG] Running:
  C:\Users\Aishw\AppData\Local\Temp\testng-eclipse--1712326316\testng-customsuite.xml

""2026-04-28 21:07:35 [main] INFO  org.testng.internal.Utils - [Utils] DynamicGraphHelper.createDynamicGraph() took 2 ms.
""2026-04-28 21:07:35 [main] INFO  org.utils.qa.Log - Login test is started
""2026-04-28 21:07:35 [main] INFO  org.utils.qa.Log - Launching the browser
""2026-04-28 21:07:36 [main] INFO  org.utils.qa.Log - Navigating to login page
""2026-04-28 21:07:38 [main] ERROR org.utils.qa.Log - Login page is not displayed
""2026-04-28 21:07:38 [main] WARN  org.utils.qa.Log - Close the browser
""2026-04-28 21:07:38 [main] INFO  org.testng.internal.Utils - [TestNG] Time taken by org.testng.reporters.jq.Main@1c6e0a08: 44 ms
""2026-04-28 21:07:38 [main] INFO  org.testng.internal.Utils - [TestNG] Time taken by org.testng.reporters.FailedReporter@1623bbe5: 1 ms
""2026-04-28 21:07:38 [main] INFO  org.testng.internal.Utils - [TestNG] Time taken by org.testng.reporters.XMLReporter@78c7f9b3: 5 ms
""2026-04-28 21:07:38 [main] INFO  org.testng.internal.Utils - [TestNG] Time taken by org.testng.reporters.EmailableReporter2@14faa38c: 3 ms
""2026-04-28 21:07:39 [main] INFO  org.testng.internal.Utils - [TestNG] Time taken by org.testng.reporters.JUnitReportReporter@5b6e8f77: 5 ms
""2026-04-28 21:07:39 [main] INFO  org.testng.internal.Utils - [TestNG] Time taken by org.testng.internal.ExitCodeListener@41a6d121: 0 ms
""2026-04-28 21:09:41 [main] INFO  org.testng.internal.Utils - [Utils] MethodGroupsHelper.collectMethodsByGroup() took 0 ms.
""2026-04-28 21:09:41 [main] INFO  org.testng.internal.Utils - [Utils] MethodGroupsHelper.sortMethods() took 1 ms.
""2026-04-28 21:09:41 [main] INFO  org.testng.internal.Utils - [Utils] MethodGroupsHelper.collectMethodsByGroup() took 0 ms.
""2026-04-28 21:09:41 [main] INFO  org.testng.internal.Utils - [Utils] MethodGroupsHelper.sortMethods() took 0 ms.
""2026-04-28 21:09:41 [main] INFO  org.testng.internal.Utils - [Utils] MethodGroupsHelper.collectMethodsByGroup() took 0 ms.
""2026-04-28 21:09:41 [main] INFO  org.testng.internal.Utils - [Utils] MethodGroupsHelper.sortMethods() took 0 ms.
""2026-04-28 21:09:41 [main] INFO  org.testng.internal.Utils - [Utils] MethodGroupsHelper.collectMethodsByGroup() took 0 ms.
""2026-04-28 21:09:41 [main] INFO  org.testng.internal.Utils - [Utils] MethodGroupsHelper.sortMethods() took 0 ms.
""2026-04-28 21:09:41 [main] INFO  org.testng.internal.Utils - [Utils] MethodGroupsHelper.collectMethodsByGroup() took 0 ms.
""2026-04-28 21:09:41 [main] INFO  org.testng.internal.Utils - [Utils] MethodGroupsHelper.sortMethods() took 0 ms.
""2026-04-28 21:09:41 [main] INFO  org.testng.internal.Utils - [Utils] MethodGroupsHelper.collectMethodsByGroup() took 0 ms.
""2026-04-28 21:09:41 [main] INFO  org.testng.internal.Utils - [Utils] MethodGroupsHelper.sortMethods() took 0 ms.
""2026-04-28 21:09:41 [main] INFO  org.testng.internal.Utils - [Utils] MethodGroupsHelper.collectMethodsByGroup() took 0 ms.
""2026-04-28 21:09:41 [main] INFO  org.testng.internal.Utils - [Utils] MethodGroupsHelper.sortMethods() took 0 ms.
""2026-04-28 21:09:41 [main] INFO  org.testng.internal.Utils - [Utils] MethodGroupsHelper.collectMethodsByGroup() took 0 ms.
""2026-04-28 21:09:41 [main] INFO  org.testng.internal.Utils - [Utils] MethodGroupsHelper.sortMethods() took 0 ms.
""2026-04-28 21:09:41 [main] INFO  org.testng.internal.Utils - [Utils] MethodGroupsHelper.collectMethodsByGroup() took 0 ms.
""2026-04-28 21:09:41 [main] INFO  org.testng.internal.Utils - [Utils] MethodGroupsHelper.sortMethods() took 0 ms.
""2026-04-28 21:09:41 [main] INFO  org.testng.internal.Utils - [Utils] MethodGroupsHelper.collectMethodsByGroup() took 0 ms.
""2026-04-28 21:09:41 [main] INFO  org.testng.internal.Utils - [Utils] MethodGroupsHelper.sortMethods() took 0 ms.
""2026-04-28 21:09:41 [main] INFO  org.testng.internal.Utils - [Utils] MethodGroupsHelper.collectMethodsByGroup() took 0 ms.
""2026-04-28 21:09:41 [main] INFO  org.testng.internal.Utils - [Utils] MethodGroupsHelper.sortMethods() took 0 ms.
""2026-04-28 21:09:41 [main] INFO  org.testng.internal.Utils - [Utils] MethodGroupsHelper.collectMethodsByGroup() took 0 ms.
""2026-04-28 21:09:41 [main] INFO  org.testng.internal.Utils - [Utils] MethodGroupsHelper.sortMethods() took 0 ms.
""2026-04-28 21:09:41 [main] INFO  org.testng.internal.Utils - [Utils] MethodGroupsHelper.collectMethodsByGroup() took 5 ms.
""2026-04-28 21:09:41 [main] INFO  org.testng.internal.Utils - [Utils] MethodGroupsHelper.sortMethods() took 6 ms.
""2026-04-28 21:09:41 [main] INFO  org.testng.internal.Utils - [Utils] MethodGroupsHelper.collectMethodsByGroup() took 0 ms.
""2026-04-28 21:09:41 [main] INFO  org.testng.internal.Utils - [Utils] MethodGroupsHelper.sortMethods() took 0 ms.
""2026-04-28 21:09:41 [main] INFO  org.testng.internal.Utils - [Utils] MethodGroupsHelper.collectMethodsByGroup() took 0 ms.
""2026-04-28 21:09:41 [main] INFO  org.testng.internal.Utils - [Utils] MethodGroupsHelper.sortMethods() took 0 ms.
""2026-04-28 21:09:41 [main] INFO  org.testng.internal.Utils - [TestNG] Running:
  C:\Users\Aishw\AppData\Local\Temp\testng-eclipse-309745337\testng-customsuite.xml

""2026-04-28 21:09:41 [main] INFO  org.testng.internal.Utils - [Utils] DynamicGraphHelper.createDynamicGraph() took 2 ms.
""2026-04-28 21:09:41 [main] INFO  org.utils.qa.Log - Login test is started
""2026-04-28 21:09:41 [main] INFO  org.utils.qa.Log - Launching the browser
""2026-04-28 21:09:42 [main] INFO  org.utils.qa.Log - Navigating to login page
""2026-04-28 21:09:44 [main] ERROR org.utils.qa.Log - Login page is not displayed
""2026-04-28 21:09:44 [main] WARN  org.utils.qa.Log - Close the browser
""2026-04-28 21:09:45 [main] INFO  org.testng.internal.Utils - [TestNG] Time taken by org.testng.reporters.jq.Main@1c6e0a08: 35 ms
""2026-04-28 21:09:45 [main] INFO  org.testng.internal.Utils - [TestNG] Time taken by org.testng.reporters.FailedReporter@1623bbe5: 1 ms
""2026-04-28 21:09:45 [main] INFO  org.testng.internal.Utils - [TestNG] Time taken by org.testng.reporters.XMLReporter@78c7f9b3: 3 ms
""2026-04-28 21:09:45 [main] INFO  org.testng.internal.Utils - [TestNG] Time taken by org.testng.reporters.EmailableReporter2@14faa38c: 3 ms
""2026-04-28 21:09:45 [main] INFO  org.testng.internal.Utils - [TestNG] Time taken by org.testng.reporters.JUnitReportReporter@5b6e8f77: 3 ms
""2026-04-28 21:09:45 [main] INFO  org.testng.internal.Utils - [TestNG] Time taken by org.testng.internal.ExitCodeListener@41a6d121: 0 ms
""2026-04-28 21:10:29 [main] INFO  org.testng.internal.Utils - [Utils] MethodGroupsHelper.collectMethodsByGroup() took 0 ms.
""2026-04-28 21:10:29 [main] INFO  org.testng.internal.Utils - [Utils] MethodGroupsHelper.sortMethods() took 1 ms.
""2026-04-28 21:10:29 [main] INFO  org.testng.internal.Utils - [Utils] MethodGroupsHelper.collectMethodsByGroup() took 0 ms.
""2026-04-28 21:10:29 [main] INFO  org.testng.internal.Utils - [Utils] MethodGroupsHelper.sortMethods() took 0 ms.
""2026-04-28 21:10:29 [main] INFO  org.testng.internal.Utils - [Utils] MethodGroupsHelper.collectMethodsByGroup() took 0 ms.
""2026-04-28 21:10:29 [main] INFO  org.testng.internal.Utils - [Utils] MethodGroupsHelper.sortMethods() took 0 ms.
""2026-04-28 21:10:29 [main] INFO  org.testng.internal.Utils - [Utils] MethodGroupsHelper.collectMethodsByGroup() took 0 ms.
""2026-04-28 21:10:29 [main] INFO  org.testng.internal.Utils - [Utils] MethodGroupsHelper.sortMethods() took 0 ms.
""2026-04-28 21:10:29 [main] INFO  org.testng.internal.Utils - [Utils] MethodGroupsHelper.collectMethodsByGroup() took 0 ms.
""2026-04-28 21:10:29 [main] INFO  org.testng.internal.Utils - [Utils] MethodGroupsHelper.sortMethods() took 0 ms.
""2026-04-28 21:10:29 [main] INFO  org.testng.internal.Utils - [Utils] MethodGroupsHelper.collectMethodsByGroup() took 0 ms.
""2026-04-28 21:10:29 [main] INFO  org.testng.internal.Utils - [Utils] MethodGroupsHelper.sortMethods() took 0 ms.
""2026-04-28 21:10:29 [main] INFO  org.testng.internal.Utils - [Utils] MethodGroupsHelper.collectMethodsByGroup() took 0 ms.
""2026-04-28 21:10:29 [main] INFO  org.testng.internal.Utils - [Utils] MethodGroupsHelper.sortMethods() took 0 ms.
""2026-04-28 21:10:29 [main] INFO  org.testng.internal.Utils - [Utils] MethodGroupsHelper.collectMethodsByGroup() took 0 ms.
""2026-04-28 21:10:29 [main] INFO  org.testng.internal.Utils - [Utils] MethodGroupsHelper.sortMethods() took 0 ms.
""2026-04-28 21:10:29 [main] INFO  org.testng.internal.Utils - [Utils] MethodGroupsHelper.collectMethodsByGroup() took 0 ms.
""2026-04-28 21:10:29 [main] INFO  org.testng.internal.Utils - [Utils] MethodGroupsHelper.sortMethods() took 0 ms.
""2026-04-28 21:10:29 [main] INFO  org.testng.internal.Utils - [Utils] MethodGroupsHelper.collectMethodsByGroup() took 0 ms.
""2026-04-28 21:10:29 [main] INFO  org.testng.internal.Utils - [Utils] MethodGroupsHelper.sortMethods() took 0 ms.
""2026-04-28 21:10:29 [main] INFO  org.testng.internal.Utils - [Utils] MethodGroupsHelper.collectMethodsByGroup() took 0 ms.
""2026-04-28 21:10:29 [main] INFO  org.testng.internal.Utils - [Utils] MethodGroupsHelper.sortMethods() took 0 ms.
""2026-04-28 21:10:29 [main] INFO  org.testng.internal.Utils - [Utils] MethodGroupsHelper.collectMethodsByGroup() took 0 ms.
""2026-04-28 21:10:29 [main] INFO  org.testng.internal.Utils - [Utils] MethodGroupsHelper.sortMethods() took 0 ms.
""2026-04-28 21:10:29 [main] INFO  org.testng.internal.Utils - [Utils] MethodGroupsHelper.collectMethodsByGroup() took 5 ms.
""2026-04-28 21:10:29 [main] INFO  org.testng.internal.Utils - [Utils] MethodGroupsHelper.sortMethods() took 2 ms.
""2026-04-28 21:10:29 [main] INFO  org.testng.internal.Utils - [Utils] MethodGroupsHelper.collectMethodsByGroup() took 0 ms.
""2026-04-28 21:10:29 [main] INFO  org.testng.internal.Utils - [Utils] MethodGroupsHelper.sortMethods() took 0 ms.
""2026-04-28 21:10:29 [main] INFO  org.testng.internal.Utils - [Utils] MethodGroupsHelper.collectMethodsByGroup() took 0 ms.
""2026-04-28 21:10:29 [main] INFO  org.testng.internal.Utils - [Utils] MethodGroupsHelper.sortMethods() took 0 ms.
""2026-04-28 21:10:29 [main] INFO  org.testng.internal.Utils - [TestNG] Running:
  C:\Users\Aishw\AppData\Local\Temp\testng-eclipse--598216094\testng-customsuite.xml

""2026-04-28 21:10:29 [main] INFO  org.testng.internal.Utils - [Utils] DynamicGraphHelper.createDynamicGraph() took 2 ms.
""2026-04-28 21:10:29 [main] INFO  org.utils.qa.Log - Login test is started
""2026-04-28 21:10:29 [main] INFO  org.utils.qa.Log - Launching the browser
""2026-04-28 21:10:30 [main] INFO  org.utils.qa.Log - Navigating to login page
""2026-04-28 21:10:33 [main] ERROR org.utils.qa.Log - Login page is not displayed
""2026-04-28 21:10:33 [main] WARN  org.utils.qa.Log - Close the browser
""2026-04-28 21:10:33 [main] INFO  org.testng.internal.Utils - [TestNG] Time taken by org.testng.reporters.jq.Main@78c7f9b3: 39 ms
""2026-04-28 21:10:33 [main] INFO  org.testng.internal.Utils - [TestNG] Time taken by org.testng.reporters.FailedReporter@4d6f623d: 1 ms
""2026-04-28 21:10:33 [main] INFO  org.testng.internal.Utils - [TestNG] Time taken by org.testng.reporters.XMLReporter@6dc1484: 4 ms
""2026-04-28 21:10:33 [main] INFO  org.testng.internal.Utils - [TestNG] Time taken by org.testng.reporters.EmailableReporter2@6d6cb754: 4 ms
""2026-04-28 21:10:33 [main] INFO  org.testng.internal.Utils - [TestNG] Time taken by org.testng.reporters.JUnitReportReporter@23eee4b8: 3 ms
""2026-04-28 21:10:33 [main] INFO  org.testng.internal.Utils - [TestNG] Time taken by org.testng.internal.ExitCodeListener@28952dea: 0 ms
""2026-04-28 21:12:06 [main] INFO  org.testng.internal.Utils - [Utils] MethodGroupsHelper.collectMethodsByGroup() took 0 ms.
""2026-04-28 21:12:06 [main] INFO  org.testng.internal.Utils - [Utils] MethodGroupsHelper.sortMethods() took 1 ms.
""2026-04-28 21:12:06 [main] INFO  org.testng.internal.Utils - [Utils] MethodGroupsHelper.collectMethodsByGroup() took 0 ms.
""2026-04-28 21:12:06 [main] INFO  org.testng.internal.Utils - [Utils] MethodGroupsHelper.sortMethods() took 0 ms.
""2026-04-28 21:12:06 [main] INFO  org.testng.internal.Utils - [Utils] MethodGroupsHelper.collectMethodsByGroup() took 0 ms.
""2026-04-28 21:12:06 [main] INFO  org.testng.internal.Utils - [Utils] MethodGroupsHelper.sortMethods() took 0 ms.
""2026-04-28 21:12:06 [main] INFO  org.testng.internal.Utils - [Utils] MethodGroupsHelper.collectMethodsByGroup() took 0 ms.
""2026-04-28 21:12:06 [main] INFO  org.testng.internal.Utils - [Utils] MethodGroupsHelper.sortMethods() took 0 ms.
""2026-04-28 21:12:06 [main] INFO  org.testng.internal.Utils - [Utils] MethodGroupsHelper.collectMethodsByGroup() took 0 ms.
""2026-04-28 21:12:06 [main] INFO  org.testng.internal.Utils - [Utils] MethodGroupsHelper.sortMethods() took 0 ms.
""2026-04-28 21:12:06 [main] INFO  org.testng.internal.Utils - [Utils] MethodGroupsHelper.collectMethodsByGroup() took 0 ms.
""2026-04-28 21:12:06 [main] INFO  org.testng.internal.Utils - [Utils] MethodGroupsHelper.sortMethods() took 0 ms.
""2026-04-28 21:12:06 [main] INFO  org.testng.internal.Utils - [Utils] MethodGroupsHelper.collectMethodsByGroup() took 0 ms.
""2026-04-28 21:12:06 [main] INFO  org.testng.internal.Utils - [Utils] MethodGroupsHelper.sortMethods() took 0 ms.
""2026-04-28 21:12:06 [main] INFO  org.testng.internal.Utils - [Utils] MethodGroupsHelper.collectMethodsByGroup() took 0 ms.
""2026-04-28 21:12:06 [main] INFO  org.testng.internal.Utils - [Utils] MethodGroupsHelper.sortMethods() took 0 ms.
""2026-04-28 21:12:06 [main] INFO  org.testng.internal.Utils - [Utils] MethodGroupsHelper.collectMethodsByGroup() took 0 ms.
""2026-04-28 21:12:06 [main] INFO  org.testng.internal.Utils - [Utils] MethodGroupsHelper.sortMethods() took 0 ms.
""2026-04-28 21:12:06 [main] INFO  org.testng.internal.Utils - [Utils] MethodGroupsHelper.collectMethodsByGroup() took 0 ms.
""2026-04-28 21:12:06 [main] INFO  org.testng.internal.Utils - [Utils] MethodGroupsHelper.sortMethods() took 0 ms.
""2026-04-28 21:12:06 [main] INFO  org.testng.internal.Utils - [Utils] MethodGroupsHelper.collectMethodsByGroup() took 0 ms.
""2026-04-28 21:12:06 [main] INFO  org.testng.internal.Utils - [Utils] MethodGroupsHelper.sortMethods() took 0 ms.
""2026-04-28 21:12:06 [main] INFO  org.testng.internal.Utils - [Utils] MethodGroupsHelper.collectMethodsByGroup() took 0 ms.
""2026-04-28 21:12:06 [main] INFO  org.testng.internal.Utils - [Utils] MethodGroupsHelper.sortMethods() took 0 ms.
""2026-04-28 21:12:06 [main] INFO  org.testng.internal.Utils - [Utils] MethodGroupsHelper.collectMethodsByGroup() took 3 ms.
""2026-04-28 21:12:06 [main] INFO  org.testng.internal.Utils - [Utils] MethodGroupsHelper.sortMethods() took 3 ms.
""2026-04-28 21:12:06 [main] INFO  org.testng.internal.Utils - [Utils] MethodGroupsHelper.collectMethodsByGroup() took 0 ms.
""2026-04-28 21:12:06 [main] INFO  org.testng.internal.Utils - [Utils] MethodGroupsHelper.sortMethods() took 0 ms.
""2026-04-28 21:12:06 [main] INFO  org.testng.internal.Utils - [Utils] MethodGroupsHelper.collectMethodsByGroup() took 0 ms.
""2026-04-28 21:12:06 [main] INFO  org.testng.internal.Utils - [Utils] MethodGroupsHelper.sortMethods() took 0 ms.
""2026-04-28 21:12:06 [main] INFO  org.testng.internal.Utils - [TestNG] Running:
  C:\Users\Aishw\AppData\Local\Temp\testng-eclipse--854165534\testng-customsuite.xml

""2026-04-28 21:12:07 [main] INFO  org.testng.internal.Utils - [Utils] DynamicGraphHelper.createDynamicGraph() took 6 ms.
""2026-04-28 21:12:07 [main] INFO  org.utils.qa.Log - Login test is started
""2026-04-28 21:12:07 [main] INFO  org.utils.qa.Log - Launching the browser
""2026-04-28 21:12:08 [main] INFO  org.utils.qa.Log - Navigating to login page
""2026-04-28 21:12:10 [main] ERROR org.utils.qa.Log - Login page is not displayed
""2026-04-28 21:12:10 [main] WARN  org.utils.qa.Log - Close the browser
""2026-04-28 21:12:10 [main] INFO  org.testng.internal.Utils - [TestNG] Time taken by org.testng.reporters.jq.Main@27abb83e: 29 ms
""2026-04-28 21:12:10 [main] INFO  org.testng.internal.Utils - [TestNG] Time taken by org.testng.reporters.FailedReporter@667e34b1: 0 ms
""2026-04-28 21:12:10 [main] INFO  org.testng.internal.Utils - [TestNG] Time taken by org.testng.reporters.XMLReporter@291120f4: 3 ms
""2026-04-28 21:12:10 [main] INFO  org.testng.internal.Utils - [TestNG] Time taken by org.testng.reporters.EmailableReporter2@5942ee04: 4 ms
""2026-04-28 21:12:10 [main] INFO  org.testng.internal.Utils - [TestNG] Time taken by org.testng.reporters.JUnitReportReporter@2fb5fe30: 5 ms
""2026-04-28 21:12:10 [main] INFO  org.testng.internal.Utils - [TestNG] Time taken by org.testng.internal.ExitCodeListener@456be73c: 0 ms
""2026-04-28 21:16:57 [main] INFO  org.testng.internal.Utils - [Utils] MethodGroupsHelper.collectMethodsByGroup() took 1 ms.
""2026-04-28 21:16:57 [main] INFO  org.testng.internal.Utils - [Utils] MethodGroupsHelper.sortMethods() took 0 ms.
""2026-04-28 21:16:57 [main] INFO  org.testng.internal.Utils - [Utils] MethodGroupsHelper.collectMethodsByGroup() took 0 ms.
""2026-04-28 21:16:57 [main] INFO  org.testng.internal.Utils - [Utils] MethodGroupsHelper.sortMethods() took 0 ms.
""2026-04-28 21:16:57 [main] INFO  org.testng.internal.Utils - [Utils] MethodGroupsHelper.collectMethodsByGroup() took 0 ms.
""2026-04-28 21:16:57 [main] INFO  org.testng.internal.Utils - [Utils] MethodGroupsHelper.sortMethods() took 0 ms.
""2026-04-28 21:16:57 [main] INFO  org.testng.internal.Utils - [Utils] MethodGroupsHelper.collectMethodsByGroup() took 0 ms.
""2026-04-28 21:16:57 [main] INFO  org.testng.internal.Utils - [Utils] MethodGroupsHelper.sortMethods() took 0 ms.
""2026-04-28 21:16:57 [main] INFO  org.testng.internal.Utils - [Utils] MethodGroupsHelper.collectMethodsByGroup() took 0 ms.
""2026-04-28 21:16:57 [main] INFO  org.testng.internal.Utils - [Utils] MethodGroupsHelper.sortMethods() took 0 ms.
""2026-04-28 21:16:57 [main] INFO  org.testng.internal.Utils - [Utils] MethodGroupsHelper.collectMethodsByGroup() took 0 ms.
""2026-04-28 21:16:57 [main] INFO  org.testng.internal.Utils - [Utils] MethodGroupsHelper.sortMethods() took 0 ms.
""2026-04-28 21:16:57 [main] INFO  org.testng.internal.Utils - [Utils] MethodGroupsHelper.collectMethodsByGroup() took 0 ms.
""2026-04-28 21:16:57 [main] INFO  org.testng.internal.Utils - [Utils] MethodGroupsHelper.sortMethods() took 0 ms.
""2026-04-28 21:16:57 [main] INFO  org.testng.internal.Utils - [Utils] MethodGroupsHelper.collectMethodsByGroup() took 0 ms.
""2026-04-28 21:16:57 [main] INFO  org.testng.internal.Utils - [Utils] MethodGroupsHelper.sortMethods() took 0 ms.
""2026-04-28 21:16:57 [main] INFO  org.testng.internal.Utils - [Utils] MethodGroupsHelper.collectMethodsByGroup() took 0 ms.
""2026-04-28 21:16:57 [main] INFO  org.testng.internal.Utils - [Utils] MethodGroupsHelper.sortMethods() took 0 ms.
""2026-04-28 21:16:57 [main] INFO  org.testng.internal.Utils - [Utils] MethodGroupsHelper.collectMethodsByGroup() took 0 ms.
""2026-04-28 21:16:57 [main] INFO  org.testng.internal.Utils - [Utils] MethodGroupsHelper.sortMethods() took 0 ms.
""2026-04-28 21:16:57 [main] INFO  org.testng.internal.Utils - [Utils] MethodGroupsHelper.collectMethodsByGroup() took 0 ms.
""2026-04-28 21:16:57 [main] INFO  org.testng.internal.Utils - [Utils] MethodGroupsHelper.sortMethods() took 0 ms.
""2026-04-28 21:16:57 [main] INFO  org.testng.internal.Utils - [Utils] MethodGroupsHelper.collectMethodsByGroup() took 0 ms.
""2026-04-28 21:16:57 [main] INFO  org.testng.internal.Utils - [Utils] MethodGroupsHelper.sortMethods() took 0 ms.
""2026-04-28 21:16:57 [main] INFO  org.testng.internal.Utils - [Utils] MethodGroupsHelper.collectMethodsByGroup() took 4 ms.
""2026-04-28 21:16:57 [main] INFO  org.testng.internal.Utils - [Utils] MethodGroupsHelper.sortMethods() took 4 ms.
""2026-04-28 21:16:57 [main] INFO  org.testng.internal.Utils - [Utils] MethodGroupsHelper.collectMethodsByGroup() took 0 ms.
""2026-04-28 21:16:57 [main] INFO  org.testng.internal.Utils - [Utils] MethodGroupsHelper.sortMethods() took 0 ms.
""2026-04-28 21:16:57 [main] INFO  org.testng.internal.Utils - [Utils] MethodGroupsHelper.collectMethodsByGroup() took 0 ms.
""2026-04-28 21:16:57 [main] INFO  org.testng.internal.Utils - [Utils] MethodGroupsHelper.sortMethods() took 0 ms.
""2026-04-28 21:16:57 [main] INFO  org.testng.internal.Utils - [TestNG] Running:
  C:\Users\Aishw\AppData\Local\Temp\testng-eclipse--31928131\testng-customsuite.xml

""2026-04-28 21:16:57 [main] INFO  org.testng.internal.Utils - [Utils] DynamicGraphHelper.createDynamicGraph() took 3 ms.
""2026-04-28 21:16:57 [main] INFO  org.utils.qa.Log - Login test is started
""2026-04-28 21:16:57 [main] INFO  org.utils.qa.Log - Launching the browser
""2026-04-28 21:16:58 [main] INFO  org.utils.qa.Log - Navigating to login page
""2026-04-28 21:17:00 [main] ERROR org.utils.qa.Log - Login page is not displayed
""2026-04-28 21:17:00 [main] WARN  org.utils.qa.Log - Close the browser
""2026-04-28 21:17:00 [main] INFO  org.testng.internal.Utils - [TestNG] Time taken by org.testng.reporters.jq.Main@1c6e0a08: 33 ms
""2026-04-28 21:17:00 [main] INFO  org.testng.internal.Utils - [TestNG] Time taken by org.testng.reporters.FailedReporter@1623bbe5: 1 ms
""2026-04-28 21:17:00 [main] INFO  org.testng.internal.Utils - [TestNG] Time taken by org.testng.reporters.XMLReporter@78c7f9b3: 3 ms
""2026-04-28 21:17:00 [main] INFO  org.testng.internal.Utils - [TestNG] Time taken by org.testng.reporters.EmailableReporter2@14faa38c: 3 ms
""2026-04-28 21:17:00 [main] INFO  org.testng.internal.Utils - [TestNG] Time taken by org.testng.reporters.JUnitReportReporter@5b6e8f77: 2 ms
""2026-04-28 21:17:00 [main] INFO  org.testng.internal.Utils - [TestNG] Time taken by org.testng.internal.ExitCodeListener@41a6d121: 0 ms
""2026-04-28 21:24:00 [main] INFO  org.testng.internal.Utils - [Utils] MethodGroupsHelper.collectMethodsByGroup() took 0 ms.
""2026-04-28 21:24:00 [main] INFO  org.testng.internal.Utils - [Utils] MethodGroupsHelper.sortMethods() took 0 ms.
""2026-04-28 21:24:00 [main] INFO  org.testng.internal.Utils - [Utils] MethodGroupsHelper.collectMethodsByGroup() took 0 ms.
""2026-04-28 21:24:00 [main] INFO  org.testng.internal.Utils - [Utils] MethodGroupsHelper.sortMethods() took 0 ms.
""2026-04-28 21:24:00 [main] INFO  org.testng.internal.Utils - [Utils] MethodGroupsHelper.collectMethodsByGroup() took 0 ms.
""2026-04-28 21:24:00 [main] INFO  org.testng.internal.Utils - [Utils] MethodGroupsHelper.sortMethods() took 0 ms.
""2026-04-28 21:24:00 [main] INFO  org.testng.internal.Utils - [Utils] MethodGroupsHelper.collectMethodsByGroup() took 0 ms.
""2026-04-28 21:24:00 [main] INFO  org.testng.internal.Utils - [Utils] MethodGroupsHelper.sortMethods() took 0 ms.
""2026-04-28 21:24:00 [main] INFO  org.testng.internal.Utils - [Utils] MethodGroupsHelper.collectMethodsByGroup() took 0 ms.
""2026-04-28 21:24:00 [main] INFO  org.testng.internal.Utils - [Utils] MethodGroupsHelper.sortMethods() took 0 ms.
""2026-04-28 21:24:00 [main] INFO  org.testng.internal.Utils - [Utils] MethodGroupsHelper.collectMethodsByGroup() took 0 ms.
""2026-04-28 21:24:00 [main] INFO  org.testng.internal.Utils - [Utils] MethodGroupsHelper.sortMethods() took 0 ms.
""2026-04-28 21:24:00 [main] INFO  org.testng.internal.Utils - [Utils] MethodGroupsHelper.collectMethodsByGroup() took 0 ms.
""2026-04-28 21:24:00 [main] INFO  org.testng.internal.Utils - [Utils] MethodGroupsHelper.sortMethods() took 0 ms.
""2026-04-28 21:24:00 [main] INFO  org.testng.internal.Utils - [Utils] MethodGroupsHelper.collectMethodsByGroup() took 0 ms.
""2026-04-28 21:24:00 [main] INFO  org.testng.internal.Utils - [Utils] MethodGroupsHelper.sortMethods() took 0 ms.
""2026-04-28 21:24:00 [main] INFO  org.testng.internal.Utils - [Utils] MethodGroupsHelper.collectMethodsByGroup() took 0 ms.
""2026-04-28 21:24:00 [main] INFO  org.testng.internal.Utils - [Utils] MethodGroupsHelper.sortMethods() took 0 ms.
""2026-04-28 21:24:00 [main] INFO  org.testng.internal.Utils - [Utils] MethodGroupsHelper.collectMethodsByGroup() took 0 ms.
""2026-04-28 21:24:00 [main] INFO  org.testng.internal.Utils - [Utils] MethodGroupsHelper.sortMethods() took 0 ms.
""2026-04-28 21:24:00 [main] INFO  org.testng.internal.Utils - [Utils] MethodGroupsHelper.collectMethodsByGroup() took 0 ms.
""2026-04-28 21:24:00 [main] INFO  org.testng.internal.Utils - [Utils] MethodGroupsHelper.sortMethods() took 0 ms.
""2026-04-28 21:24:00 [main] INFO  org.testng.internal.Utils - [Utils] MethodGroupsHelper.collectMethodsByGroup() took 0 ms.
""2026-04-28 21:24:00 [main] INFO  org.testng.internal.Utils - [Utils] MethodGroupsHelper.sortMethods() took 0 ms.
""2026-04-28 21:24:00 [main] INFO  org.testng.internal.Utils - [Utils] MethodGroupsHelper.collectMethodsByGroup() took 4 ms.
""2026-04-28 21:24:00 [main] INFO  org.testng.internal.Utils - [Utils] MethodGroupsHelper.sortMethods() took 6 ms.
""2026-04-28 21:24:00 [main] INFO  org.testng.internal.Utils - [Utils] MethodGroupsHelper.collectMethodsByGroup() took 0 ms.
""2026-04-28 21:24:00 [main] INFO  org.testng.internal.Utils - [Utils] MethodGroupsHelper.sortMethods() took 0 ms.
""2026-04-28 21:24:00 [main] INFO  org.testng.internal.Utils - [Utils] MethodGroupsHelper.collectMethodsByGroup() took 0 ms.
""2026-04-28 21:24:00 [main] INFO  org.testng.internal.Utils - [Utils] MethodGroupsHelper.sortMethods() took 0 ms.
""2026-04-28 21:24:00 [main] INFO  org.testng.internal.Utils - [TestNG] Running:
  C:\Users\Aishw\AppData\Local\Temp\testng-eclipse-682531963\testng-customsuite.xml

""2026-04-28 21:24:00 [main] INFO  org.testng.internal.Utils - [Utils] DynamicGraphHelper.createDynamicGraph() took 3 ms.
""2026-04-28 21:24:00 [main] INFO  org.utils.qa.Log - Login test is started
""2026-04-28 21:24:00 [main] INFO  org.utils.qa.Log - Launching the browser
""2026-04-28 21:24:01 [main] INFO  org.utils.qa.Log - Navigating to login page
""2026-04-28 21:24:03 [main] ERROR org.utils.qa.Log - Login page is not displayed
""2026-04-28 21:24:03 [main] WARN  org.utils.qa.Log - Close the browser
""2026-04-28 21:24:04 [main] INFO  org.testng.internal.Utils - [TestNG] Time taken by org.testng.reporters.jq.Main@1c6e0a08: 39 ms
""2026-04-28 21:24:04 [main] INFO  org.testng.internal.Utils - [TestNG] Time taken by org.testng.reporters.FailedReporter@1623bbe5: 1 ms
""2026-04-28 21:24:04 [main] INFO  org.testng.internal.Utils - [TestNG] Time taken by org.testng.reporters.XMLReporter@78c7f9b3: 4 ms
""2026-04-28 21:24:04 [main] INFO  org.testng.internal.Utils - [TestNG] Time taken by org.testng.reporters.EmailableReporter2@14faa38c: 4 ms
""2026-04-28 21:24:04 [main] INFO  org.testng.internal.Utils - [TestNG] Time taken by org.testng.reporters.JUnitReportReporter@5b6e8f77: 3 ms
""2026-04-28 21:24:04 [main] INFO  org.testng.internal.Utils - [TestNG] Time taken by org.testng.internal.ExitCodeListener@41a6d121: 0 ms
""2026-04-28 21:38:43 [main] INFO  org.testng.internal.Utils - [Utils] MethodGroupsHelper.collectMethodsByGroup() took 0 ms.
""2026-04-28 21:38:43 [main] INFO  org.testng.internal.Utils - [Utils] MethodGroupsHelper.sortMethods() took 0 ms.
""2026-04-28 21:38:43 [main] INFO  org.testng.internal.Utils - [Utils] MethodGroupsHelper.collectMethodsByGroup() took 0 ms.
""2026-04-28 21:38:43 [main] INFO  org.testng.internal.Utils - [Utils] MethodGroupsHelper.sortMethods() took 0 ms.
""2026-04-28 21:38:43 [main] INFO  org.testng.internal.Utils - [Utils] MethodGroupsHelper.collectMethodsByGroup() took 0 ms.
""2026-04-28 21:38:43 [main] INFO  org.testng.internal.Utils - [Utils] MethodGroupsHelper.sortMethods() took 0 ms.
""2026-04-28 21:38:43 [main] INFO  org.testng.internal.Utils - [Utils] MethodGroupsHelper.collectMethodsByGroup() took 0 ms.
""2026-04-28 21:38:43 [main] INFO  org.testng.internal.Utils - [Utils] MethodGroupsHelper.sortMethods() took 0 ms.
""2026-04-28 21:38:43 [main] INFO  org.testng.internal.Utils - [Utils] MethodGroupsHelper.collectMethodsByGroup() took 0 ms.
""2026-04-28 21:38:43 [main] INFO  org.testng.internal.Utils - [Utils] MethodGroupsHelper.sortMethods() took 0 ms.
""2026-04-28 21:38:43 [main] INFO  org.testng.internal.Utils - [Utils] MethodGroupsHelper.collectMethodsByGroup() took 0 ms.
""2026-04-28 21:38:43 [main] INFO  org.testng.internal.Utils - [Utils] MethodGroupsHelper.sortMethods() took 0 ms.
""2026-04-28 21:38:43 [main] INFO  org.testng.internal.Utils - [Utils] MethodGroupsHelper.collectMethodsByGroup() took 0 ms.
""2026-04-28 21:38:43 [main] INFO  org.testng.internal.Utils - [Utils] MethodGroupsHelper.sortMethods() took 0 ms.
""2026-04-28 21:38:43 [main] INFO  org.testng.internal.Utils - [Utils] MethodGroupsHelper.collectMethodsByGroup() took 0 ms.
""2026-04-28 21:38:43 [main] INFO  org.testng.internal.Utils - [Utils] MethodGroupsHelper.sortMethods() took 0 ms.
""2026-04-28 21:38:43 [main] INFO  org.testng.internal.Utils - [Utils] MethodGroupsHelper.collectMethodsByGroup() took 4 ms.
""2026-04-28 21:38:43 [main] INFO  org.testng.internal.Utils - [Utils] MethodGroupsHelper.sortMethods() took 6 ms.
""2026-04-28 21:38:43 [main] INFO  org.testng.internal.Utils - [Utils] MethodGroupsHelper.collectMethodsByGroup() took 0 ms.
""2026-04-28 21:38:43 [main] INFO  org.testng.internal.Utils - [Utils] MethodGroupsHelper.sortMethods() took 0 ms.
""2026-04-28 21:38:43 [main] INFO  org.testng.internal.Utils - [Utils] MethodGroupsHelper.collectMethodsByGroup() took 0 ms.
""2026-04-28 21:38:43 [main] INFO  org.testng.internal.Utils - [Utils] MethodGroupsHelper.sortMethods() took 0 ms.
""2026-04-28 21:38:43 [main] INFO  org.testng.internal.Utils - [Utils] MethodGroupsHelper.collectMethodsByGroup() took 0 ms.
""2026-04-28 21:38:43 [main] INFO  org.testng.internal.Utils - [Utils] MethodGroupsHelper.sortMethods() took 0 ms.
""2026-04-28 21:38:43 [main] INFO  org.testng.internal.Utils - [Utils] MethodGroupsHelper.collectMethodsByGroup() took 0 ms.
""2026-04-28 21:38:43 [main] INFO  org.testng.internal.Utils - [Utils] MethodGroupsHelper.sortMethods() took 0 ms.
""2026-04-28 21:38:43 [main] INFO  org.testng.internal.Utils - [Utils] MethodGroupsHelper.collectMethodsByGroup() took 0 ms.
""2026-04-28 21:38:43 [main] INFO  org.testng.internal.Utils - [Utils] MethodGroupsHelper.sortMethods() took 0 ms.
""2026-04-28 21:38:43 [main] INFO  org.testng.internal.Utils - [Utils] MethodGroupsHelper.collectMethodsByGroup() took 0 ms.
""2026-04-28 21:38:43 [main] INFO  org.testng.internal.Utils - [Utils] MethodGroupsHelper.sortMethods() took 0 ms.
""2026-04-28 21:38:43 [main] INFO  org.testng.internal.Utils - [TestNG] Running:
  C:\Users\Aishw\AppData\Local\Temp\testng-eclipse-1262433399\testng-customsuite.xml

""2026-04-28 21:38:43 [main] INFO  org.testng.internal.Utils - [Utils] DynamicGraphHelper.createDynamicGraph() took 3 ms.
""2026-04-28 21:38:47 [main] INFO  org.testng.internal.Utils - [TestNG] Time taken by org.testng.reporters.jq.Main@1f12e153: 99 ms
""2026-04-28 21:38:47 [main] INFO  org.testng.internal.Utils - [TestNG] Time taken by org.testng.reporters.FailedReporter@41e1455d: 22 ms
""2026-04-28 21:38:47 [main] INFO  org.testng.internal.Utils - [TestNG] Time taken by org.testng.reporters.XMLReporter@7c9b78e3: 30 ms
""2026-04-28 21:38:47 [main] INFO  org.testng.internal.Utils - [TestNG] Time taken by org.testng.reporters.EmailableReporter2@516ebdf8: 16 ms
""2026-04-28 21:38:47 [main] INFO  org.testng.internal.Utils - [TestNG] Time taken by org.testng.reporters.JUnitReportReporter@a619c2: 4 ms
""2026-04-28 21:38:47 [main] INFO  org.testng.internal.Utils - [TestNG] Time taken by org.testng.internal.ExitCodeListener@648ee871: 9 ms
""2026-04-28 21:39:35 [main] INFO  org.testng.internal.Utils - [Utils] MethodGroupsHelper.collectMethodsByGroup() took 0 ms.
""2026-04-28 21:39:35 [main] INFO  org.testng.internal.Utils - [Utils] MethodGroupsHelper.sortMethods() took 1 ms.
""2026-04-28 21:39:35 [main] INFO  org.testng.internal.Utils - [Utils] MethodGroupsHelper.collectMethodsByGroup() took 0 ms.
""2026-04-28 21:39:35 [main] INFO  org.testng.internal.Utils - [Utils] MethodGroupsHelper.sortMethods() took 0 ms.
""2026-04-28 21:39:35 [main] INFO  org.testng.internal.Utils - [Utils] MethodGroupsHelper.collectMethodsByGroup() took 0 ms.
""2026-04-28 21:39:35 [main] INFO  org.testng.internal.Utils - [Utils] MethodGroupsHelper.sortMethods() took 0 ms.
""2026-04-28 21:39:35 [main] INFO  org.testng.internal.Utils - [Utils] MethodGroupsHelper.collectMethodsByGroup() took 0 ms.
""2026-04-28 21:39:35 [main] INFO  org.testng.internal.Utils - [Utils] MethodGroupsHelper.sortMethods() took 0 ms.
""2026-04-28 21:39:35 [main] INFO  org.testng.internal.Utils - [Utils] MethodGroupsHelper.collectMethodsByGroup() took 0 ms.
""2026-04-28 21:39:35 [main] INFO  org.testng.internal.Utils - [Utils] MethodGroupsHelper.sortMethods() took 1 ms.
""2026-04-28 21:39:35 [main] INFO  org.testng.internal.Utils - [Utils] MethodGroupsHelper.collectMethodsByGroup() took 0 ms.
""2026-04-28 21:39:35 [main] INFO  org.testng.internal.Utils - [Utils] MethodGroupsHelper.sortMethods() took 0 ms.
""2026-04-28 21:39:35 [main] INFO  org.testng.internal.Utils - [Utils] MethodGroupsHelper.collectMethodsByGroup() took 0 ms.
""2026-04-28 21:39:35 [main] INFO  org.testng.internal.Utils - [Utils] MethodGroupsHelper.sortMethods() took 0 ms.
""2026-04-28 21:39:35 [main] INFO  org.testng.internal.Utils - [Utils] MethodGroupsHelper.collectMethodsByGroup() took 0 ms.
""2026-04-28 21:39:35 [main] INFO  org.testng.internal.Utils - [Utils] MethodGroupsHelper.sortMethods() took 0 ms.
""2026-04-28 21:39:35 [main] INFO  org.testng.internal.Utils - [Utils] MethodGroupsHelper.collectMethodsByGroup() took 5 ms.
""2026-04-28 21:39:35 [main] INFO  org.testng.internal.Utils - [Utils] MethodGroupsHelper.sortMethods() took 6 ms.
""2026-04-28 21:39:35 [main] INFO  org.testng.internal.Utils - [Utils] MethodGroupsHelper.collectMethodsByGroup() took 0 ms.
""2026-04-28 21:39:35 [main] INFO  org.testng.internal.Utils - [Utils] MethodGroupsHelper.sortMethods() took 0 ms.
""2026-04-28 21:39:35 [main] INFO  org.testng.internal.Utils - [Utils] MethodGroupsHelper.collectMethodsByGroup() took 0 ms.
""2026-04-28 21:39:35 [main] INFO  org.testng.internal.Utils - [Utils] MethodGroupsHelper.sortMethods() took 0 ms.
""2026-04-28 21:39:35 [main] INFO  org.testng.internal.Utils - [Utils] MethodGroupsHelper.collectMethodsByGroup() took 0 ms.
""2026-04-28 21:39:35 [main] INFO  org.testng.internal.Utils - [Utils] MethodGroupsHelper.sortMethods() took 0 ms.
""2026-04-28 21:39:35 [main] INFO  org.testng.internal.Utils - [Utils] MethodGroupsHelper.collectMethodsByGroup() took 1 ms.
""2026-04-28 21:39:35 [main] INFO  org.testng.internal.Utils - [Utils] MethodGroupsHelper.sortMethods() took 0 ms.
""2026-04-28 21:39:35 [main] INFO  org.testng.internal.Utils - [Utils] MethodGroupsHelper.collectMethodsByGroup() took 0 ms.
""2026-04-28 21:39:35 [main] INFO  org.testng.internal.Utils - [Utils] MethodGroupsHelper.sortMethods() took 0 ms.
""2026-04-28 21:39:35 [main] INFO  org.testng.internal.Utils - [Utils] MethodGroupsHelper.collectMethodsByGroup() took 0 ms.
""2026-04-28 21:39:35 [main] INFO  org.testng.internal.Utils - [Utils] MethodGroupsHelper.sortMethods() took 0 ms.
""2026-04-28 21:39:35 [main] INFO  org.testng.internal.Utils - [TestNG] Running:
  C:\Users\Aishw\AppData\Local\Temp\testng-eclipse--993087247\testng-customsuite.xml

""2026-04-28 21:39:35 [main] INFO  org.testng.internal.Utils - [Utils] DynamicGraphHelper.createDynamicGraph() took 4 ms.
""2026-04-28 21:39:42 [main] INFO  org.testng.internal.Utils - [TestNG] Time taken by org.testng.reporters.jq.Main@388b401d: 38 ms
""2026-04-28 21:39:42 [main] INFO  org.testng.internal.Utils - [TestNG] Time taken by org.testng.reporters.FailedReporter@4912d525: 1 ms
""2026-04-28 21:39:42 [main] INFO  org.testng.internal.Utils - [TestNG] Time taken by org.testng.reporters.XMLReporter@398474a2: 7 ms
""2026-04-28 21:39:42 [main] INFO  org.testng.internal.Utils - [TestNG] Time taken by org.testng.reporters.EmailableReporter2@15fa55a6: 3 ms
""2026-04-28 21:39:42 [main] INFO  org.testng.internal.Utils - [TestNG] Time taken by org.testng.reporters.JUnitReportReporter@22d9c961: 3 ms
""2026-04-28 21:39:42 [main] INFO  org.testng.internal.Utils - [TestNG] Time taken by org.testng.internal.ExitCodeListener@736f3e9e: 0 ms
""2026-04-28 21:40:35 [main] INFO  org.testng.internal.Utils - [Utils] MethodGroupsHelper.collectMethodsByGroup() took 0 ms.
""2026-04-28 21:40:35 [main] INFO  org.testng.internal.Utils - [Utils] MethodGroupsHelper.sortMethods() took 0 ms.
""2026-04-28 21:40:35 [main] INFO  org.testng.internal.Utils - [Utils] MethodGroupsHelper.collectMethodsByGroup() took 0 ms.
""2026-04-28 21:40:35 [main] INFO  org.testng.internal.Utils - [Utils] MethodGroupsHelper.sortMethods() took 0 ms.
""2026-04-28 21:40:35 [main] INFO  org.testng.internal.Utils - [Utils] MethodGroupsHelper.collectMethodsByGroup() took 0 ms.
""2026-04-28 21:40:35 [main] INFO  org.testng.internal.Utils - [Utils] MethodGroupsHelper.sortMethods() took 0 ms.
""2026-04-28 21:40:35 [main] INFO  org.testng.internal.Utils - [Utils] MethodGroupsHelper.collectMethodsByGroup() took 0 ms.
""2026-04-28 21:40:35 [main] INFO  org.testng.internal.Utils - [Utils] MethodGroupsHelper.sortMethods() took 0 ms.
""2026-04-28 21:40:35 [main] INFO  org.testng.internal.Utils - [Utils] MethodGroupsHelper.collectMethodsByGroup() took 0 ms.
""2026-04-28 21:40:35 [main] INFO  org.testng.internal.Utils - [Utils] MethodGroupsHelper.sortMethods() took 0 ms.
""2026-04-28 21:40:35 [main] INFO  org.testng.internal.Utils - [Utils] MethodGroupsHelper.collectMethodsByGroup() took 0 ms.
""2026-04-28 21:40:35 [main] INFO  org.testng.internal.Utils - [Utils] MethodGroupsHelper.sortMethods() took 0 ms.
""2026-04-28 21:40:35 [main] INFO  org.testng.internal.Utils - [Utils] MethodGroupsHelper.collectMethodsByGroup() took 0 ms.
""2026-04-28 21:40:35 [main] INFO  org.testng.internal.Utils - [Utils] MethodGroupsHelper.sortMethods() took 0 ms.
""2026-04-28 21:40:35 [main] INFO  org.testng.internal.Utils - [Utils] MethodGroupsHelper.collectMethodsByGroup() took 0 ms.
""2026-04-28 21:40:35 [main] INFO  org.testng.internal.Utils - [Utils] MethodGroupsHelper.sortMethods() took 0 ms.
""2026-04-28 21:40:35 [main] INFO  org.testng.internal.Utils - [Utils] MethodGroupsHelper.collectMethodsByGroup() took 3 ms.
""2026-04-28 21:40:35 [main] INFO  org.testng.internal.Utils - [Utils] MethodGroupsHelper.sortMethods() took 6 ms.
""2026-04-28 21:40:35 [main] INFO  org.testng.internal.Utils - [Utils] MethodGroupsHelper.collectMethodsByGroup() took 0 ms.
""2026-04-28 21:40:35 [main] INFO  org.testng.internal.Utils - [Utils] MethodGroupsHelper.sortMethods() took 1 ms.
""2026-04-28 21:40:35 [main] INFO  org.testng.internal.Utils - [Utils] MethodGroupsHelper.collectMethodsByGroup() took 0 ms.
""2026-04-28 21:40:35 [main] INFO  org.testng.internal.Utils - [Utils] MethodGroupsHelper.sortMethods() took 0 ms.
""2026-04-28 21:40:35 [main] INFO  org.testng.internal.Utils - [Utils] MethodGroupsHelper.collectMethodsByGroup() took 0 ms.
""2026-04-28 21:40:35 [main] INFO  org.testng.internal.Utils - [Utils] MethodGroupsHelper.sortMethods() took 0 ms.
""2026-04-28 21:40:35 [main] INFO  org.testng.internal.Utils - [Utils] MethodGroupsHelper.collectMethodsByGroup() took 0 ms.
""2026-04-28 21:40:35 [main] INFO  org.testng.internal.Utils - [Utils] MethodGroupsHelper.sortMethods() took 0 ms.
""2026-04-28 21:40:35 [main] INFO  org.testng.internal.Utils - [Utils] MethodGroupsHelper.collectMethodsByGroup() took 0 ms.
""2026-04-28 21:40:35 [main] INFO  org.testng.internal.Utils - [Utils] MethodGroupsHelper.sortMethods() took 0 ms.
""2026-04-28 21:40:35 [main] INFO  org.testng.internal.Utils - [Utils] MethodGroupsHelper.collectMethodsByGroup() took 0 ms.
""2026-04-28 21:40:35 [main] INFO  org.testng.internal.Utils - [Utils] MethodGroupsHelper.sortMethods() took 0 ms.
""2026-04-28 21:40:35 [main] INFO  org.testng.internal.Utils - [TestNG] Running:
  C:\Users\Aishw\AppData\Local\Temp\testng-eclipse-1498085261\testng-customsuite.xml

""2026-04-28 21:40:35 [main] INFO  org.testng.internal.Utils - [Utils] DynamicGraphHelper.createDynamicGraph() took 4 ms.
""2026-04-28 21:40:42 [main] INFO  org.testng.internal.Utils - [TestNG] Time taken by org.testng.reporters.jq.Main@72fe8a4f: 38 ms
""2026-04-28 21:40:42 [main] INFO  org.testng.internal.Utils - [TestNG] Time taken by org.testng.reporters.FailedReporter@2b8d084: 6 ms
""2026-04-28 21:40:42 [main] INFO  org.testng.internal.Utils - [TestNG] Time taken by org.testng.reporters.XMLReporter@985696: 6 ms
""2026-04-28 21:40:42 [main] INFO  org.testng.internal.Utils - [TestNG] Time taken by org.testng.reporters.EmailableReporter2@6124287a: 6 ms
""2026-04-28 21:40:42 [main] INFO  org.testng.internal.Utils - [TestNG] Time taken by org.testng.reporters.JUnitReportReporter@62e6a3ec: 7 ms
""2026-04-28 21:40:42 [main] INFO  org.testng.internal.Utils - [TestNG] Time taken by org.testng.internal.ExitCodeListener@5754de72: 0 ms
""2026-04-28 21:51:16 [main] INFO  org.testng.internal.Utils - [Utils] MethodGroupsHelper.collectMethodsByGroup() took 1 ms.
""2026-04-28 21:51:16 [main] INFO  org.testng.internal.Utils - [Utils] MethodGroupsHelper.sortMethods() took 1 ms.
""2026-04-28 21:51:16 [main] INFO  org.testng.internal.Utils - [Utils] MethodGroupsHelper.collectMethodsByGroup() took 0 ms.
""2026-04-28 21:51:16 [main] INFO  org.testng.internal.Utils - [Utils] MethodGroupsHelper.sortMethods() took 0 ms.
""2026-04-28 21:51:16 [main] INFO  org.testng.internal.Utils - [Utils] MethodGroupsHelper.collectMethodsByGroup() took 0 ms.
""2026-04-28 21:51:16 [main] INFO  org.testng.internal.Utils - [Utils] MethodGroupsHelper.sortMethods() took 0 ms.
""2026-04-28 21:51:16 [main] INFO  org.testng.internal.Utils - [Utils] MethodGroupsHelper.collectMethodsByGroup() took 0 ms.
""2026-04-28 21:51:16 [main] INFO  org.testng.internal.Utils - [Utils] MethodGroupsHelper.sortMethods() took 0 ms.
""2026-04-28 21:51:16 [main] INFO  org.testng.internal.Utils - [Utils] MethodGroupsHelper.collectMethodsByGroup() took 0 ms.
""2026-04-28 21:51:16 [main] INFO  org.testng.internal.Utils - [Utils] MethodGroupsHelper.sortMethods() took 0 ms.
""2026-04-28 21:51:16 [main] INFO  org.testng.internal.Utils - [Utils] MethodGroupsHelper.collectMethodsByGroup() took 0 ms.
""2026-04-28 21:51:16 [main] INFO  org.testng.internal.Utils - [Utils] MethodGroupsHelper.sortMethods() took 0 ms.
""2026-04-28 21:51:16 [main] INFO  org.testng.internal.Utils - [Utils] MethodGroupsHelper.collectMethodsByGroup() took 0 ms.
""2026-04-28 21:51:16 [main] INFO  org.testng.internal.Utils - [Utils] MethodGroupsHelper.sortMethods() took 0 ms.
""2026-04-28 21:51:16 [main] INFO  org.testng.internal.Utils - [Utils] MethodGroupsHelper.collectMethodsByGroup() took 0 ms.
""2026-04-28 21:51:16 [main] INFO  org.testng.internal.Utils - [Utils] MethodGroupsHelper.sortMethods() took 0 ms.
""2026-04-28 21:51:16 [main] INFO  org.testng.internal.Utils - [Utils] MethodGroupsHelper.collectMethodsByGroup() took 4 ms.
""2026-04-28 21:51:16 [main] INFO  org.testng.internal.Utils - [Utils] MethodGroupsHelper.sortMethods() took 5 ms.
""2026-04-28 21:51:16 [main] INFO  org.testng.internal.Utils - [Utils] MethodGroupsHelper.collectMethodsByGroup() took 0 ms.
""2026-04-28 21:51:16 [main] INFO  org.testng.internal.Utils - [Utils] MethodGroupsHelper.sortMethods() took 0 ms.
""2026-04-28 21:51:16 [main] INFO  org.testng.internal.Utils - [Utils] MethodGroupsHelper.collectMethodsByGroup() took 0 ms.
""2026-04-28 21:51:16 [main] INFO  org.testng.internal.Utils - [Utils] MethodGroupsHelper.sortMethods() took 0 ms.
""2026-04-28 21:51:16 [main] INFO  org.testng.internal.Utils - [Utils] MethodGroupsHelper.collectMethodsByGroup() took 0 ms.
""2026-04-28 21:51:16 [main] INFO  org.testng.internal.Utils - [Utils] MethodGroupsHelper.sortMethods() took 0 ms.
""2026-04-28 21:51:16 [main] INFO  org.testng.internal.Utils - [Utils] MethodGroupsHelper.collectMethodsByGroup() took 1 ms.
""2026-04-28 21:51:16 [main] INFO  org.testng.internal.Utils - [Utils] MethodGroupsHelper.sortMethods() took 0 ms.
""2026-04-28 21:51:16 [main] INFO  org.testng.internal.Utils - [Utils] MethodGroupsHelper.collectMethodsByGroup() took 0 ms.
""2026-04-28 21:51:16 [main] INFO  org.testng.internal.Utils - [Utils] MethodGroupsHelper.sortMethods() took 0 ms.
""2026-04-28 21:51:16 [main] INFO  org.testng.internal.Utils - [Utils] MethodGroupsHelper.collectMethodsByGroup() took 0 ms.
""2026-04-28 21:51:16 [main] INFO  org.testng.internal.Utils - [Utils] MethodGroupsHelper.sortMethods() took 0 ms.
""2026-04-28 21:51:16 [main] INFO  org.testng.internal.Utils - [TestNG] Running:
  C:\Users\Aishw\AppData\Local\Temp\testng-eclipse--213403206\testng-customsuite.xml

""2026-04-28 21:51:16 [main] INFO  org.testng.internal.Utils - [Utils] DynamicGraphHelper.createDynamicGraph() took 6 ms.
""2026-04-28 21:51:16 [main] ERROR org.testng.internal.Utils - [Error] java.lang.NullPointerException: Cannot invoke &quot;Object.toString()&quot; because the return value of &quot;org.apache.poi.ss.usermodel.Row.getCell(int)&quot; is null
	at org.utils.qa.ExcelReader.getExceldata(ExcelReader.java:27)
	at org.tests.qa.LoginTestDataDriven_ExcelSheet.getData(LoginTestDataDriven_ExcelSheet.java:36)
	at java.base/jdk.internal.reflect.DirectMethodHandleAccessor.invoke(DirectMethodHandleAccessor.java:103)
	at java.base/java.lang.reflect.Method.invoke(Method.java:580)
	at org.testng.internal.invokers.MethodInvocationHelper.invokeMethod(MethodInvocationHelper.java:141)
	at org.testng.internal.invokers.MethodInvocationHelper.invokeMethod(MethodInvocationHelper.java:86)
	at org.testng.internal.invokers.MethodInvocationHelper.invokeMethodNoCheckedException(MethodInvocationHelper.java:54)
	at org.testng.internal.invokers.MethodInvocationHelper.invokeDataProvider(MethodInvocationHelper.java:159)
	at org.testng.internal.Parameters.handleParameters(Parameters.java:809)
	at org.testng.internal.Parameters.handleParameters(Parameters.java:734)
	at org.testng.internal.invokers.ParameterHandler.handleParameters(ParameterHandler.java:72)
	at org.testng.internal.invokers.ParameterHandler.createParameters(ParameterHandler.java:51)
	at org.testng.internal.invokers.TestInvoker$MethodInvocationAgent.invoke(TestInvoker.java:959)
	at org.testng.internal.invokers.TestInvoker.invokeTestMethods(TestInvoker.java:203)
	at org.testng.internal.invokers.TestMethodWorker.invokeTestMethods(TestMethodWorker.java:154)
	at org.testng.internal.invokers.TestMethodWorker.run(TestMethodWorker.java:134)
	at java.base/java.util.ArrayList.forEach(ArrayList.java:1596)
	at org.testng.TestRunner.privateRun(TestRunner.java:744)
	at org.testng.TestRunner.run(TestRunner.java:616)
	at org.testng.SuiteRunner.runTest(SuiteRunner.java:421)
	at org.testng.SuiteRunner.runSequentially(SuiteRunner.java:413)
	at org.testng.SuiteRunner.privateRun(SuiteRunner.java:373)
	at org.testng.SuiteRunner.run(SuiteRunner.java:312)
	at org.testng.SuiteRunnerWorker.runSuite(SuiteRunnerWorker.java:52)
	at org.testng.SuiteRunnerWorker.run(SuiteRunnerWorker.java:95)
	at org.testng.TestNG.runSuitesSequentially(TestNG.java:1274)
	at org.testng.TestNG.runSuitesLocally(TestNG.java:1208)
	at org.testng.TestNG.runSuites(TestNG.java:1112)
	at org.testng.TestNG.run(TestNG.java:1079)
	at org.testng.remote.AbstractRemoteTestNG.run(AbstractRemoteTestNG.java:115)
	at org.testng.remote.RemoteTestNG.initAndRun(RemoteTestNG.java:293)
	at org.testng.remote.RemoteTestNG.main(RemoteTestNG.java:91)

""2026-04-28 21:51:17 [main] INFO  org.testng.internal.Utils - [TestNG] Time taken by org.testng.reporters.jq.Main@1c12f3ee: 50 ms
""2026-04-28 21:51:17 [main] INFO  org.testng.internal.Utils - [TestNG] Time taken by org.testng.reporters.FailedReporter@cda0432: 9 ms
""2026-04-28 21:51:17 [main] INFO  org.testng.internal.Utils - [TestNG] Time taken by org.testng.reporters.XMLReporter@5eeedb60: 5 ms
""2026-04-28 21:51:17 [main] INFO  org.testng.internal.Utils - [TestNG] Time taken by org.testng.reporters.EmailableReporter2@4a03bb68: 4 ms
""2026-04-28 21:51:17 [main] INFO  org.testng.internal.Utils - [TestNG] Time taken by org.testng.reporters.JUnitReportReporter@247667dd: 3 ms
""2026-04-28 21:51:17 [main] INFO  org.testng.internal.Utils - [TestNG] Time taken by org.testng.internal.ExitCodeListener@6f099cef: 0 ms
""2026-04-28 21:53:59 [main] INFO  org.testng.internal.Utils - [Utils] MethodGroupsHelper.collectMethodsByGroup() took 0 ms.
""2026-04-28 21:53:59 [main] INFO  org.testng.internal.Utils - [Utils] MethodGroupsHelper.sortMethods() took 0 ms.
""2026-04-28 21:53:59 [main] INFO  org.testng.internal.Utils - [Utils] MethodGroupsHelper.collectMethodsByGroup() took 0 ms.
""2026-04-28 21:53:59 [main] INFO  org.testng.internal.Utils - [Utils] MethodGroupsHelper.sortMethods() took 0 ms.
""2026-04-28 21:53:59 [main] INFO  org.testng.internal.Utils - [Utils] MethodGroupsHelper.collectMethodsByGroup() took 0 ms.
""2026-04-28 21:53:59 [main] INFO  org.testng.internal.Utils - [Utils] MethodGroupsHelper.sortMethods() took 0 ms.
""2026-04-28 21:53:59 [main] INFO  org.testng.internal.Utils - [Utils] MethodGroupsHelper.collectMethodsByGroup() took 0 ms.
""2026-04-28 21:53:59 [main] INFO  org.testng.internal.Utils - [Utils] MethodGroupsHelper.sortMethods() took 0 ms.
""2026-04-28 21:53:59 [main] INFO  org.testng.internal.Utils - [Utils] MethodGroupsHelper.collectMethodsByGroup() took 0 ms.
""2026-04-28 21:53:59 [main] INFO  org.testng.internal.Utils - [Utils] MethodGroupsHelper.sortMethods() took 0 ms.
""2026-04-28 21:53:59 [main] INFO  org.testng.internal.Utils - [Utils] MethodGroupsHelper.collectMethodsByGroup() took 0 ms.
""2026-04-28 21:53:59 [main] INFO  org.testng.internal.Utils - [Utils] MethodGroupsHelper.sortMethods() took 0 ms.
""2026-04-28 21:53:59 [main] INFO  org.testng.internal.Utils - [Utils] MethodGroupsHelper.collectMethodsByGroup() took 0 ms.
""2026-04-28 21:53:59 [main] INFO  org.testng.internal.Utils - [Utils] MethodGroupsHelper.sortMethods() took 0 ms.
""2026-04-28 21:53:59 [main] INFO  org.testng.internal.Utils - [Utils] MethodGroupsHelper.collectMethodsByGroup() took 0 ms.
""2026-04-28 21:53:59 [main] INFO  org.testng.internal.Utils - [Utils] MethodGroupsHelper.sortMethods() took 0 ms.
""2026-04-28 21:53:59 [main] INFO  org.testng.internal.Utils - [Utils] MethodGroupsHelper.collectMethodsByGroup() took 2 ms.
""2026-04-28 21:53:59 [main] INFO  org.testng.internal.Utils - [Utils] MethodGroupsHelper.sortMethods() took 5 ms.
""2026-04-28 21:53:59 [main] INFO  org.testng.internal.Utils - [Utils] MethodGroupsHelper.collectMethodsByGroup() took 0 ms.
""2026-04-28 21:53:59 [main] INFO  org.testng.internal.Utils - [Utils] MethodGroupsHelper.sortMethods() took 1 ms.
""2026-04-28 21:53:59 [main] INFO  org.testng.internal.Utils - [Utils] MethodGroupsHelper.collectMethodsByGroup() took 0 ms.
""2026-04-28 21:53:59 [main] INFO  org.testng.internal.Utils - [Utils] MethodGroupsHelper.sortMethods() took 0 ms.
""2026-04-28 21:53:59 [main] INFO  org.testng.internal.Utils - [Utils] MethodGroupsHelper.collectMethodsByGroup() took 0 ms.
""2026-04-28 21:53:59 [main] INFO  org.testng.internal.Utils - [Utils] MethodGroupsHelper.sortMethods() took 0 ms.
""2026-04-28 21:53:59 [main] INFO  org.testng.internal.Utils - [Utils] MethodGroupsHelper.collectMethodsByGroup() took 0 ms.
""2026-04-28 21:53:59 [main] INFO  org.testng.internal.Utils - [Utils] MethodGroupsHelper.sortMethods() took 0 ms.
""2026-04-28 21:53:59 [main] INFO  org.testng.internal.Utils - [Utils] MethodGroupsHelper.collectMethodsByGroup() took 0 ms.
""2026-04-28 21:53:59 [main] INFO  org.testng.internal.Utils - [Utils] MethodGroupsHelper.sortMethods() took 0 ms.
""2026-04-28 21:53:59 [main] INFO  org.testng.internal.Utils - [Utils] MethodGroupsHelper.collectMethodsByGroup() took 0 ms.
""2026-04-28 21:53:59 [main] INFO  org.testng.internal.Utils - [Utils] MethodGroupsHelper.sortMethods() took 0 ms.
""2026-04-28 21:53:59 [main] INFO  org.testng.internal.Utils - [TestNG] Running:
  C:\Users\Aishw\AppData\Local\Temp\testng-eclipse--906858641\testng-customsuite.xml

""2026-04-28 21:53:59 [main] INFO  org.testng.internal.Utils - [Utils] DynamicGraphHelper.createDynamicGraph() took 2 ms.
""2026-04-28 21:54:00 [main] ERROR org.testng.internal.Utils - [Error] java.lang.NullPointerException: Cannot invoke &quot;Object.toString()&quot; because the return value of &quot;org.apache.poi.ss.usermodel.Row.getCell(int)&quot; is null
	at org.utils.qa.ExcelReader.getExceldata(ExcelReader.java:27)
	at org.tests.qa.LoginTestDataDriven_ExcelSheet.getData(LoginTestDataDriven_ExcelSheet.java:36)
	at java.base/jdk.internal.reflect.DirectMethodHandleAccessor.invoke(DirectMethodHandleAccessor.java:103)
	at java.base/java.lang.reflect.Method.invoke(Method.java:580)
	at org.testng.internal.invokers.MethodInvocationHelper.invokeMethod(MethodInvocationHelper.java:141)
	at org.testng.internal.invokers.MethodInvocationHelper.invokeMethod(MethodInvocationHelper.java:86)
	at org.testng.internal.invokers.MethodInvocationHelper.invokeMethodNoCheckedException(MethodInvocationHelper.java:54)
	at org.testng.internal.invokers.MethodInvocationHelper.invokeDataProvider(MethodInvocationHelper.java:159)
	at org.testng.internal.Parameters.handleParameters(Parameters.java:809)
	at org.testng.internal.Parameters.handleParameters(Parameters.java:734)
	at org.testng.internal.invokers.ParameterHandler.handleParameters(ParameterHandler.java:72)
	at org.testng.internal.invokers.ParameterHandler.createParameters(ParameterHandler.java:51)
	at org.testng.internal.invokers.TestInvoker$MethodInvocationAgent.invoke(TestInvoker.java:959)
	at org.testng.internal.invokers.TestInvoker.invokeTestMethods(TestInvoker.java:203)
	at org.testng.internal.invokers.TestMethodWorker.invokeTestMethods(TestMethodWorker.java:154)
	at org.testng.internal.invokers.TestMethodWorker.run(TestMethodWorker.java:134)
	at java.base/java.util.ArrayList.forEach(ArrayList.java:1596)
	at org.testng.TestRunner.privateRun(TestRunner.java:744)
	at org.testng.TestRunner.run(TestRunner.java:616)
	at org.testng.SuiteRunner.runTest(SuiteRunner.java:421)
	at org.testng.SuiteRunner.runSequentially(SuiteRunner.java:413)
	at org.testng.SuiteRunner.privateRun(SuiteRunner.java:373)
	at org.testng.SuiteRunner.run(SuiteRunner.java:312)
	at org.testng.SuiteRunnerWorker.runSuite(SuiteRunnerWorker.java:52)
	at org.testng.SuiteRunnerWorker.run(SuiteRunnerWorker.java:95)
	at org.testng.TestNG.runSuitesSequentially(TestNG.java:1274)
	at org.testng.TestNG.runSuitesLocally(TestNG.java:1208)
	at org.testng.TestNG.runSuites(TestNG.java:1112)
	at org.testng.TestNG.run(TestNG.java:1079)
	at org.testng.remote.AbstractRemoteTestNG.run(AbstractRemoteTestNG.java:115)
	at org.testng.remote.RemoteTestNG.initAndRun(RemoteTestNG.java:293)
	at org.testng.remote.RemoteTestNG.main(RemoteTestNG.java:91)

""2026-04-28 21:54:00 [main] INFO  org.testng.internal.Utils - [TestNG] Time taken by org.testng.reporters.jq.Main@1c12f3ee: 44 ms
""2026-04-28 21:54:00 [main] INFO  org.testng.internal.Utils - [TestNG] Time taken by org.testng.reporters.FailedReporter@cda0432: 12 ms
""2026-04-28 21:54:00 [main] INFO  org.testng.internal.Utils - [TestNG] Time taken by org.testng.reporters.XMLReporter@5eeedb60: 4 ms
""2026-04-28 21:54:00 [main] INFO  org.testng.internal.Utils - [TestNG] Time taken by org.testng.reporters.EmailableReporter2@4a03bb68: 5 ms
""2026-04-28 21:54:00 [main] INFO  org.testng.internal.Utils - [TestNG] Time taken by org.testng.reporters.JUnitReportReporter@247667dd: 4 ms
""2026-04-28 21:54:00 [main] INFO  org.testng.internal.Utils - [TestNG] Time taken by org.testng.internal.ExitCodeListener@6f099cef: 0 ms
""2026-04-28 21:58:13 [main] INFO  org.testng.internal.Utils - [Utils] MethodGroupsHelper.collectMethodsByGroup() took 1 ms.
""2026-04-28 21:58:13 [main] INFO  org.testng.internal.Utils - [Utils] MethodGroupsHelper.sortMethods() took 0 ms.
""2026-04-28 21:58:13 [main] INFO  org.testng.internal.Utils - [Utils] MethodGroupsHelper.collectMethodsByGroup() took 0 ms.
""2026-04-28 21:58:13 [main] INFO  org.testng.internal.Utils - [Utils] MethodGroupsHelper.sortMethods() took 0 ms.
""2026-04-28 21:58:13 [main] INFO  org.testng.internal.Utils - [Utils] MethodGroupsHelper.collectMethodsByGroup() took 0 ms.
""2026-04-28 21:58:13 [main] INFO  org.testng.internal.Utils - [Utils] MethodGroupsHelper.sortMethods() took 0 ms.
""2026-04-28 21:58:13 [main] INFO  org.testng.internal.Utils - [Utils] MethodGroupsHelper.collectMethodsByGroup() took 0 ms.
""2026-04-28 21:58:13 [main] INFO  org.testng.internal.Utils - [Utils] MethodGroupsHelper.sortMethods() took 0 ms.
""2026-04-28 21:58:13 [main] INFO  org.testng.internal.Utils - [Utils] MethodGroupsHelper.collectMethodsByGroup() took 0 ms.
""2026-04-28 21:58:13 [main] INFO  org.testng.internal.Utils - [Utils] MethodGroupsHelper.sortMethods() took 0 ms.
""2026-04-28 21:58:13 [main] INFO  org.testng.internal.Utils - [Utils] MethodGroupsHelper.collectMethodsByGroup() took 0 ms.
""2026-04-28 21:58:13 [main] INFO  org.testng.internal.Utils - [Utils] MethodGroupsHelper.sortMethods() took 0 ms.
""2026-04-28 21:58:13 [main] INFO  org.testng.internal.Utils - [Utils] MethodGroupsHelper.collectMethodsByGroup() took 0 ms.
""2026-04-28 21:58:13 [main] INFO  org.testng.internal.Utils - [Utils] MethodGroupsHelper.sortMethods() took 0 ms.
""2026-04-28 21:58:13 [main] INFO  org.testng.internal.Utils - [Utils] MethodGroupsHelper.collectMethodsByGroup() took 0 ms.
""2026-04-28 21:58:13 [main] INFO  org.testng.internal.Utils - [Utils] MethodGroupsHelper.sortMethods() took 0 ms.
""2026-04-28 21:58:13 [main] INFO  org.testng.internal.Utils - [Utils] MethodGroupsHelper.collectMethodsByGroup() took 2 ms.
""2026-04-28 21:58:13 [main] INFO  org.testng.internal.Utils - [Utils] MethodGroupsHelper.sortMethods() took 9 ms.
""2026-04-28 21:58:13 [main] INFO  org.testng.internal.Utils - [Utils] MethodGroupsHelper.collectMethodsByGroup() took 0 ms.
""2026-04-28 21:58:13 [main] INFO  org.testng.internal.Utils - [Utils] MethodGroupsHelper.sortMethods() took 0 ms.
""2026-04-28 21:58:13 [main] INFO  org.testng.internal.Utils - [Utils] MethodGroupsHelper.collectMethodsByGroup() took 0 ms.
""2026-04-28 21:58:13 [main] INFO  org.testng.internal.Utils - [Utils] MethodGroupsHelper.sortMethods() took 0 ms.
""2026-04-28 21:58:13 [main] INFO  org.testng.internal.Utils - [Utils] MethodGroupsHelper.collectMethodsByGroup() took 0 ms.
""2026-04-28 21:58:13 [main] INFO  org.testng.internal.Utils - [Utils] MethodGroupsHelper.sortMethods() took 0 ms.
""2026-04-28 21:58:13 [main] INFO  org.testng.internal.Utils - [Utils] MethodGroupsHelper.collectMethodsByGroup() took 0 ms.
""2026-04-28 21:58:13 [main] INFO  org.testng.internal.Utils - [Utils] MethodGroupsHelper.sortMethods() took 1 ms.
""2026-04-28 21:58:13 [main] INFO  org.testng.internal.Utils - [Utils] MethodGroupsHelper.collectMethodsByGroup() took 0 ms.
""2026-04-28 21:58:13 [main] INFO  org.testng.internal.Utils - [Utils] MethodGroupsHelper.sortMethods() took 0 ms.
""2026-04-28 21:58:13 [main] INFO  org.testng.internal.Utils - [Utils] MethodGroupsHelper.collectMethodsByGroup() took 0 ms.
""2026-04-28 21:58:13 [main] INFO  org.testng.internal.Utils - [Utils] MethodGroupsHelper.sortMethods() took 0 ms.
""2026-04-28 21:58:13 [main] INFO  org.testng.internal.Utils - [TestNG] Running:
  C:\Users\Aishw\AppData\Local\Temp\testng-eclipse-168097493\testng-customsuite.xml

""2026-04-28 21:58:13 [main] INFO  org.testng.internal.Utils - [Utils] DynamicGraphHelper.createDynamicGraph() took 3 ms.
""2026-04-28 21:58:22 [main] INFO  org.testng.internal.Utils - [TestNG] Time taken by org.testng.reporters.jq.Main@5e7c141d: 31 ms
""2026-04-28 21:58:22 [main] INFO  org.testng.internal.Utils - [TestNG] Time taken by org.testng.reporters.FailedReporter@72f9f27c: 0 ms
""2026-04-28 21:58:22 [main] INFO  org.testng.internal.Utils - [TestNG] Time taken by org.testng.reporters.XMLReporter@698fee9a: 4 ms
""2026-04-28 21:58:22 [main] INFO  org.testng.internal.Utils - [TestNG] Time taken by org.testng.reporters.EmailableReporter2@350d3f4d: 4 ms
""2026-04-28 21:58:22 [main] INFO  org.testng.internal.Utils - [TestNG] Time taken by org.testng.reporters.JUnitReportReporter@1687eb01: 3 ms
""2026-04-28 21:58:22 [main] INFO  org.testng.internal.Utils - [TestNG] Time taken by org.testng.internal.ExitCodeListener@748d2277: 0 ms
""2026-04-28 21:59:33 [main] INFO  org.testng.internal.Utils - [Utils] MethodGroupsHelper.collectMethodsByGroup() took 1 ms.
""2026-04-28 21:59:33 [main] INFO  org.testng.internal.Utils - [Utils] MethodGroupsHelper.sortMethods() took 1 ms.
""2026-04-28 21:59:33 [main] INFO  org.testng.internal.Utils - [Utils] MethodGroupsHelper.collectMethodsByGroup() took 0 ms.
""2026-04-28 21:59:33 [main] INFO  org.testng.internal.Utils - [Utils] MethodGroupsHelper.sortMethods() took 0 ms.
""2026-04-28 21:59:33 [main] INFO  org.testng.internal.Utils - [Utils] MethodGroupsHelper.collectMethodsByGroup() took 0 ms.
""2026-04-28 21:59:33 [main] INFO  org.testng.internal.Utils - [Utils] MethodGroupsHelper.sortMethods() took 0 ms.
""2026-04-28 21:59:33 [main] INFO  org.testng.internal.Utils - [Utils] MethodGroupsHelper.collectMethodsByGroup() took 0 ms.
""2026-04-28 21:59:33 [main] INFO  org.testng.internal.Utils - [Utils] MethodGroupsHelper.sortMethods() took 0 ms.
""2026-04-28 21:59:33 [main] INFO  org.testng.internal.Utils - [Utils] MethodGroupsHelper.collectMethodsByGroup() took 0 ms.
""2026-04-28 21:59:33 [main] INFO  org.testng.internal.Utils - [Utils] MethodGroupsHelper.sortMethods() took 0 ms.
""2026-04-28 21:59:33 [main] INFO  org.testng.internal.Utils - [Utils] MethodGroupsHelper.collectMethodsByGroup() took 0 ms.
""2026-04-28 21:59:33 [main] INFO  org.testng.internal.Utils - [Utils] MethodGroupsHelper.sortMethods() took 0 ms.
""2026-04-28 21:59:33 [main] INFO  org.testng.internal.Utils - [Utils] MethodGroupsHelper.collectMethodsByGroup() took 0 ms.
""2026-04-28 21:59:33 [main] INFO  org.testng.internal.Utils - [Utils] MethodGroupsHelper.sortMethods() took 0 ms.
""2026-04-28 21:59:33 [main] INFO  org.testng.internal.Utils - [Utils] MethodGroupsHelper.collectMethodsByGroup() took 0 ms.
""2026-04-28 21:59:33 [main] INFO  org.testng.internal.Utils - [Utils] MethodGroupsHelper.sortMethods() took 0 ms.
""2026-04-28 21:59:33 [main] INFO  org.testng.internal.Utils - [Utils] MethodGroupsHelper.collectMethodsByGroup() took 5 ms.
""2026-04-28 21:59:33 [main] INFO  org.testng.internal.Utils - [Utils] MethodGroupsHelper.sortMethods() took 5 ms.
""2026-04-28 21:59:33 [main] INFO  org.testng.internal.Utils - [Utils] MethodGroupsHelper.collectMethodsByGroup() took 0 ms.
""2026-04-28 21:59:33 [main] INFO  org.testng.internal.Utils - [Utils] MethodGroupsHelper.sortMethods() took 0 ms.
""2026-04-28 21:59:33 [main] INFO  org.testng.internal.Utils - [Utils] MethodGroupsHelper.collectMethodsByGroup() took 0 ms.
""2026-04-28 21:59:33 [main] INFO  org.testng.internal.Utils - [Utils] MethodGroupsHelper.sortMethods() took 0 ms.
""2026-04-28 21:59:33 [main] INFO  org.testng.internal.Utils - [Utils] MethodGroupsHelper.collectMethodsByGroup() took 0 ms.
""2026-04-28 21:59:33 [main] INFO  org.testng.internal.Utils - [Utils] MethodGroupsHelper.sortMethods() took 0 ms.
""2026-04-28 21:59:33 [main] INFO  org.testng.internal.Utils - [Utils] MethodGroupsHelper.collectMethodsByGroup() took 1 ms.
""2026-04-28 21:59:33 [main] INFO  org.testng.internal.Utils - [Utils] MethodGroupsHelper.sortMethods() took 0 ms.
""2026-04-28 21:59:33 [main] INFO  org.testng.internal.Utils - [Utils] MethodGroupsHelper.collectMethodsByGroup() took 0 ms.
""2026-04-28 21:59:33 [main] INFO  org.testng.internal.Utils - [Utils] MethodGroupsHelper.sortMethods() took 0 ms.
""2026-04-28 21:59:33 [main] INFO  org.testng.internal.Utils - [Utils] MethodGroupsHelper.collectMethodsByGroup() took 0 ms.
""2026-04-28 21:59:33 [main] INFO  org.testng.internal.Utils - [Utils] MethodGroupsHelper.sortMethods() took 0 ms.
""2026-04-28 21:59:33 [main] INFO  org.testng.internal.Utils - [TestNG] Running:
  C:\Users\Aishw\AppData\Local\Temp\testng-eclipse-1372250992\testng-customsuite.xml

""2026-04-28 21:59:33 [main] INFO  org.testng.internal.Utils - [Utils] DynamicGraphHelper.createDynamicGraph() took 6 ms.
""2026-04-28 21:59:47 [main] INFO  org.testng.internal.Utils - [TestNG] Time taken by org.testng.reporters.jq.Main@34b9eb03: 31 ms
""2026-04-28 21:59:47 [main] INFO  org.testng.internal.Utils - [TestNG] Time taken by org.testng.reporters.FailedReporter@53a7a60c: 1 ms
""2026-04-28 21:59:47 [main] INFO  org.testng.internal.Utils - [TestNG] Time taken by org.testng.reporters.XMLReporter@4d499d65: 7 ms
""2026-04-28 21:59:47 [main] INFO  org.testng.internal.Utils - [TestNG] Time taken by org.testng.reporters.EmailableReporter2@65d8dff8: 4 ms
""2026-04-28 21:59:47 [main] INFO  org.testng.internal.Utils - [TestNG] Time taken by org.testng.reporters.JUnitReportReporter@553bc36c: 2 ms
""2026-04-28 21:59:47 [main] INFO  org.testng.internal.Utils - [TestNG] Time taken by org.testng.internal.ExitCodeListener@380e1909: 1 ms
""2026-04-28 22:12:06 [main] INFO  org.testng.internal.Utils - [Utils] MethodGroupsHelper.collectMethodsByGroup() took 1 ms.
""2026-04-28 22:12:06 [main] INFO  org.testng.internal.Utils - [Utils] MethodGroupsHelper.sortMethods() took 1 ms.
""2026-04-28 22:12:06 [main] INFO  org.testng.internal.Utils - [Utils] MethodGroupsHelper.collectMethodsByGroup() took 0 ms.
""2026-04-28 22:12:06 [main] INFO  org.testng.internal.Utils - [Utils] MethodGroupsHelper.sortMethods() took 0 ms.
""2026-04-28 22:12:06 [main] INFO  org.testng.internal.Utils - [Utils] MethodGroupsHelper.collectMethodsByGroup() took 0 ms.
""2026-04-28 22:12:06 [main] INFO  org.testng.internal.Utils - [Utils] MethodGroupsHelper.sortMethods() took 0 ms.
""2026-04-28 22:12:06 [main] INFO  org.testng.internal.Utils - [Utils] MethodGroupsHelper.collectMethodsByGroup() took 0 ms.
""2026-04-28 22:12:06 [main] INFO  org.testng.internal.Utils - [Utils] MethodGroupsHelper.sortMethods() took 0 ms.
""2026-04-28 22:12:06 [main] INFO  org.testng.internal.Utils - [Utils] MethodGroupsHelper.collectMethodsByGroup() took 0 ms.
""2026-04-28 22:12:06 [main] INFO  org.testng.internal.Utils - [Utils] MethodGroupsHelper.sortMethods() took 0 ms.
""2026-04-28 22:12:06 [main] INFO  org.testng.internal.Utils - [Utils] MethodGroupsHelper.collectMethodsByGroup() took 0 ms.
""2026-04-28 22:12:06 [main] INFO  org.testng.internal.Utils - [Utils] MethodGroupsHelper.sortMethods() took 0 ms.
""2026-04-28 22:12:06 [main] INFO  org.testng.internal.Utils - [Utils] MethodGroupsHelper.collectMethodsByGroup() took 0 ms.
""2026-04-28 22:12:06 [main] INFO  org.testng.internal.Utils - [Utils] MethodGroupsHelper.sortMethods() took 0 ms.
""2026-04-28 22:12:06 [main] INFO  org.testng.internal.Utils - [Utils] MethodGroupsHelper.collectMethodsByGroup() took 0 ms.
""2026-04-28 22:12:06 [main] INFO  org.testng.internal.Utils - [Utils] MethodGroupsHelper.sortMethods() took 0 ms.
""2026-04-28 22:12:06 [main] INFO  org.testng.internal.Utils - [Utils] MethodGroupsHelper.collectMethodsByGroup() took 5 ms.
""2026-04-28 22:12:06 [main] INFO  org.testng.internal.Utils - [Utils] MethodGroupsHelper.sortMethods() took 11 ms.
""2026-04-28 22:12:06 [main] INFO  org.testng.internal.Utils - [Utils] MethodGroupsHelper.collectMethodsByGroup() took 0 ms.
""2026-04-28 22:12:06 [main] INFO  org.testng.internal.Utils - [Utils] MethodGroupsHelper.sortMethods() took 0 ms.
""2026-04-28 22:12:06 [main] INFO  org.testng.internal.Utils - [Utils] MethodGroupsHelper.collectMethodsByGroup() took 0 ms.
""2026-04-28 22:12:06 [main] INFO  org.testng.internal.Utils - [Utils] MethodGroupsHelper.sortMethods() took 0 ms.
""2026-04-28 22:12:06 [main] INFO  org.testng.internal.Utils - [Utils] MethodGroupsHelper.collectMethodsByGroup() took 0 ms.
""2026-04-28 22:12:06 [main] INFO  org.testng.internal.Utils - [Utils] MethodGroupsHelper.sortMethods() took 0 ms.
""2026-04-28 22:12:06 [main] INFO  org.testng.internal.Utils - [Utils] MethodGroupsHelper.collectMethodsByGroup() took 0 ms.
""2026-04-28 22:12:06 [main] INFO  org.testng.internal.Utils - [Utils] MethodGroupsHelper.sortMethods() took 0 ms.
""2026-04-28 22:12:06 [main] INFO  org.testng.internal.Utils - [Utils] MethodGroupsHelper.collectMethodsByGroup() took 0 ms.
""2026-04-28 22:12:06 [main] INFO  org.testng.internal.Utils - [Utils] MethodGroupsHelper.sortMethods() took 1 ms.
""2026-04-28 22:12:06 [main] INFO  org.testng.internal.Utils - [Utils] MethodGroupsHelper.collectMethodsByGroup() took 0 ms.
""2026-04-28 22:12:06 [main] INFO  org.testng.internal.Utils - [Utils] MethodGroupsHelper.sortMethods() took 0 ms.
""2026-04-28 22:12:06 [main] INFO  org.testng.internal.Utils - [TestNG] Running:
  C:\Users\Aishw\AppData\Local\Temp\testng-eclipse-1750928753\testng-customsuite.xml

""2026-04-28 22:12:06 [main] INFO  org.testng.internal.Utils - [Utils] DynamicGraphHelper.createDynamicGraph() took 6 ms.
""2026-04-28 22:12:06 [main] INFO  org.utils.qa.Log - Starting the test case execution
""2026-04-28 22:12:06 [main] INFO  org.utils.qa.Log - Launching the browser
""2026-04-28 22:12:11 [main] INFO  org.utils.qa.Log - Navigating to login page
""2026-04-28 22:12:11 [main] INFO  org.utils.qa.Log - Inputting the username and password
""2026-04-28 22:12:12 [main] WARN  org.utils.qa.Log - Close the browser
""2026-04-28 22:12:12 [main] INFO  org.utils.qa.Log - Test case execution is completed
""2026-04-28 22:12:12 [main] INFO  org.utils.qa.Log - Starting the test case execution
""2026-04-28 22:12:12 [main] INFO  org.utils.qa.Log - Launching the browser
""2026-04-28 22:12:16 [main] INFO  org.utils.qa.Log - Navigating to login page
""2026-04-28 22:12:16 [main] INFO  org.utils.qa.Log - Inputting the username and password
""2026-04-28 22:12:17 [main] WARN  org.utils.qa.Log - Close the browser
""2026-04-28 22:12:18 [main] INFO  org.utils.qa.Log - Test case execution is completed
""2026-04-28 22:12:18 [main] INFO  org.utils.qa.Log - Starting the test case execution
""2026-04-28 22:12:18 [main] INFO  org.utils.qa.Log - Launching the browser
""2026-04-28 22:12:21 [main] INFO  org.utils.qa.Log - Navigating to login page
""2026-04-28 22:12:21 [main] INFO  org.utils.qa.Log - Inputting the username and password
""2026-04-28 22:12:22 [main] WARN  org.utils.qa.Log - Close the browser
""2026-04-28 22:12:22 [main] INFO  org.utils.qa.Log - Test case execution is completed
""2026-04-28 22:12:22 [main] INFO  org.utils.qa.Log - Starting the test case execution
""2026-04-28 22:12:22 [main] INFO  org.utils.qa.Log - Launching the browser
""2026-04-28 22:12:26 [main] INFO  org.utils.qa.Log - Navigating to login page
""2026-04-28 22:12:26 [main] INFO  org.utils.qa.Log - Inputting the username and password
""2026-04-28 22:12:27 [main] WARN  org.utils.qa.Log - Close the browser
""2026-04-28 22:12:27 [main] INFO  org.utils.qa.Log - Test case execution is completed
""2026-04-28 22:12:27 [main] INFO  org.testng.internal.Utils - [TestNG] Time taken by org.testng.reporters.jq.Main@6a87026: 61 ms
""2026-04-28 22:12:27 [main] INFO  org.testng.internal.Utils - [TestNG] Time taken by org.testng.reporters.FailedReporter@2503ec73: 1 ms
""2026-04-28 22:12:27 [main] INFO  org.testng.internal.Utils - [TestNG] Time taken by org.testng.reporters.XMLReporter@4b0b64cc: 8 ms
""2026-04-28 22:12:27 [main] INFO  org.testng.internal.Utils - [TestNG] Time taken by org.testng.reporters.EmailableReporter2@1f1e58ca: 7 ms
""2026-04-28 22:12:27 [main] INFO  org.testng.internal.Utils - [TestNG] Time taken by org.testng.reporters.JUnitReportReporter@4afbb6c2: 4 ms
""2026-04-28 22:12:27 [main] INFO  org.testng.internal.Utils - [TestNG] Time taken by org.testng.internal.ExitCodeListener@10db6131: 0 ms
""2026-04-29 08:27:23 [main] INFO  org.testng.internal.Utils - [Utils] MethodGroupsHelper.collectMethodsByGroup() took 0 ms.
""2026-04-29 08:27:23 [main] INFO  org.testng.internal.Utils - [Utils] MethodGroupsHelper.sortMethods() took 1 ms.
""2026-04-29 08:27:23 [main] INFO  org.testng.internal.Utils - [Utils] MethodGroupsHelper.collectMethodsByGroup() took 0 ms.
""2026-04-29 08:27:23 [main] INFO  org.testng.internal.Utils - [Utils] MethodGroupsHelper.sortMethods() took 0 ms.
""2026-04-29 08:27:23 [main] INFO  org.testng.internal.Utils - [Utils] MethodGroupsHelper.collectMethodsByGroup() took 0 ms.
""2026-04-29 08:27:23 [main] INFO  org.testng.internal.Utils - [Utils] MethodGroupsHelper.sortMethods() took 0 ms.
""2026-04-29 08:27:23 [main] INFO  org.testng.internal.Utils - [Utils] MethodGroupsHelper.collectMethodsByGroup() took 0 ms.
""2026-04-29 08:27:23 [main] INFO  org.testng.internal.Utils - [Utils] MethodGroupsHelper.sortMethods() took 0 ms.
""2026-04-29 08:27:23 [main] INFO  org.testng.internal.Utils - [Utils] MethodGroupsHelper.collectMethodsByGroup() took 0 ms.
""2026-04-29 08:27:23 [main] INFO  org.testng.internal.Utils - [Utils] MethodGroupsHelper.sortMethods() took 0 ms.
""2026-04-29 08:27:23 [main] INFO  org.testng.internal.Utils - [Utils] MethodGroupsHelper.collectMethodsByGroup() took 0 ms.
""2026-04-29 08:27:23 [main] INFO  org.testng.internal.Utils - [Utils] MethodGroupsHelper.sortMethods() took 0 ms.
""2026-04-29 08:27:23 [main] INFO  org.testng.internal.Utils - [Utils] MethodGroupsHelper.collectMethodsByGroup() took 0 ms.
""2026-04-29 08:27:23 [main] INFO  org.testng.internal.Utils - [Utils] MethodGroupsHelper.sortMethods() took 0 ms.
""2026-04-29 08:27:23 [main] INFO  org.testng.internal.Utils - [Utils] MethodGroupsHelper.collectMethodsByGroup() took 0 ms.
""2026-04-29 08:27:23 [main] INFO  org.testng.internal.Utils - [Utils] MethodGroupsHelper.sortMethods() took 0 ms.
""2026-04-29 08:27:23 [main] INFO  org.testng.internal.Utils - [Utils] MethodGroupsHelper.collectMethodsByGroup() took 0 ms.
""2026-04-29 08:27:23 [main] INFO  org.testng.internal.Utils - [Utils] MethodGroupsHelper.sortMethods() took 0 ms.
""2026-04-29 08:27:23 [main] INFO  org.testng.internal.Utils - [Utils] MethodGroupsHelper.collectMethodsByGroup() took 0 ms.
""2026-04-29 08:27:23 [main] INFO  org.testng.internal.Utils - [Utils] MethodGroupsHelper.sortMethods() took 0 ms.
""2026-04-29 08:27:23 [main] INFO  org.testng.internal.Utils - [Utils] MethodGroupsHelper.collectMethodsByGroup() took 0 ms.
""2026-04-29 08:27:23 [main] INFO  org.testng.internal.Utils - [Utils] MethodGroupsHelper.sortMethods() took 0 ms.
""2026-04-29 08:27:23 [main] INFO  org.testng.internal.Utils - [Utils] MethodGroupsHelper.collectMethodsByGroup() took 0 ms.
""2026-04-29 08:27:23 [main] INFO  org.testng.internal.Utils - [Utils] MethodGroupsHelper.sortMethods() took 0 ms.
""2026-04-29 08:27:23 [main] INFO  org.testng.internal.Utils - [Utils] MethodGroupsHelper.collectMethodsByGroup() took 6 ms.
""2026-04-29 08:27:23 [main] INFO  org.testng.internal.Utils - [Utils] MethodGroupsHelper.sortMethods() took 9 ms.
""2026-04-29 08:27:23 [main] INFO  org.testng.internal.Utils - [Utils] MethodGroupsHelper.collectMethodsByGroup() took 0 ms.
""2026-04-29 08:27:23 [main] INFO  org.testng.internal.Utils - [Utils] MethodGroupsHelper.sortMethods() took 0 ms.
""2026-04-29 08:27:23 [main] INFO  org.testng.internal.Utils - [Utils] MethodGroupsHelper.collectMethodsByGroup() took 0 ms.
""2026-04-29 08:27:23 [main] INFO  org.testng.internal.Utils - [Utils] MethodGroupsHelper.sortMethods() took 0 ms.
""2026-04-29 08:27:23 [main] INFO  org.testng.internal.Utils - [TestNG] Running:
  C:\Users\Aishw\AppData\Local\Temp\testng-eclipse-1438144269\testng-customsuite.xml

""2026-04-29 08:27:23 [main] INFO  org.testng.internal.Utils - [Utils] DynamicGraphHelper.createDynamicGraph() took 5 ms.
""2026-04-29 08:27:31 [main] INFO  org.testng.internal.Utils - [TestNG] Time taken by org.testng.reporters.jq.Main@c6c82aa: 55 ms
""2026-04-29 08:27:31 [main] INFO  org.testng.internal.Utils - [TestNG] Time taken by org.testng.reporters.FailedReporter@534c6767: 1 ms
""2026-04-29 08:27:31 [main] INFO  org.testng.internal.Utils - [TestNG] Time taken by org.testng.reporters.XMLReporter@5b22d8a1: 5 ms
""2026-04-29 08:27:31 [main] INFO  org.testng.internal.Utils - [TestNG] Time taken by org.testng.reporters.EmailableReporter2@10c07b8d: 5 ms
""2026-04-29 08:27:31 [main] INFO  org.testng.internal.Utils - [TestNG] Time taken by org.testng.reporters.JUnitReportReporter@21c815e4: 4 ms
""2026-04-29 08:27:31 [main] INFO  org.testng.internal.Utils - [TestNG] Time taken by org.testng.internal.ExitCodeListener@7342e05d: 0 ms
""2026-04-29 08:28:22 [main] INFO  org.testng.internal.Utils - [Utils] MethodGroupsHelper.collectMethodsByGroup() took 0 ms.
""2026-04-29 08:28:22 [main] INFO  org.testng.internal.Utils - [Utils] MethodGroupsHelper.sortMethods() took 3 ms.
""2026-04-29 08:28:22 [main] INFO  org.testng.internal.Utils - [Utils] MethodGroupsHelper.collectMethodsByGroup() took 0 ms.
""2026-04-29 08:28:22 [main] INFO  org.testng.internal.Utils - [Utils] MethodGroupsHelper.sortMethods() took 0 ms.
""2026-04-29 08:28:22 [main] INFO  org.testng.internal.Utils - [Utils] MethodGroupsHelper.collectMethodsByGroup() took 0 ms.
""2026-04-29 08:28:22 [main] INFO  org.testng.internal.Utils - [Utils] MethodGroupsHelper.sortMethods() took 0 ms.
""2026-04-29 08:28:22 [main] INFO  org.testng.internal.Utils - [Utils] MethodGroupsHelper.collectMethodsByGroup() took 0 ms.
""2026-04-29 08:28:22 [main] INFO  org.testng.internal.Utils - [Utils] MethodGroupsHelper.sortMethods() took 0 ms.
""2026-04-29 08:28:22 [main] INFO  org.testng.internal.Utils - [Utils] MethodGroupsHelper.collectMethodsByGroup() took 0 ms.
""2026-04-29 08:28:22 [main] INFO  org.testng.internal.Utils - [Utils] MethodGroupsHelper.sortMethods() took 0 ms.
""2026-04-29 08:28:22 [main] INFO  org.testng.internal.Utils - [Utils] MethodGroupsHelper.collectMethodsByGroup() took 0 ms.
""2026-04-29 08:28:22 [main] INFO  org.testng.internal.Utils - [Utils] MethodGroupsHelper.sortMethods() took 0 ms.
""2026-04-29 08:28:22 [main] INFO  org.testng.internal.Utils - [Utils] MethodGroupsHelper.collectMethodsByGroup() took 0 ms.
""2026-04-29 08:28:22 [main] INFO  org.testng.internal.Utils - [Utils] MethodGroupsHelper.sortMethods() took 0 ms.
""2026-04-29 08:28:22 [main] INFO  org.testng.internal.Utils - [Utils] MethodGroupsHelper.collectMethodsByGroup() took 0 ms.
""2026-04-29 08:28:22 [main] INFO  org.testng.internal.Utils - [Utils] MethodGroupsHelper.sortMethods() took 0 ms.
""2026-04-29 08:28:22 [main] INFO  org.testng.internal.Utils - [Utils] MethodGroupsHelper.collectMethodsByGroup() took 0 ms.
""2026-04-29 08:28:22 [main] INFO  org.testng.internal.Utils - [Utils] MethodGroupsHelper.sortMethods() took 0 ms.
""2026-04-29 08:28:22 [main] INFO  org.testng.internal.Utils - [Utils] MethodGroupsHelper.collectMethodsByGroup() took 0 ms.
""2026-04-29 08:28:22 [main] INFO  org.testng.internal.Utils - [Utils] MethodGroupsHelper.sortMethods() took 0 ms.
""2026-04-29 08:28:22 [main] INFO  org.testng.internal.Utils - [Utils] MethodGroupsHelper.collectMethodsByGroup() took 0 ms.
""2026-04-29 08:28:22 [main] INFO  org.testng.internal.Utils - [Utils] MethodGroupsHelper.sortMethods() took 0 ms.
""2026-04-29 08:28:22 [main] INFO  org.testng.internal.Utils - [Utils] MethodGroupsHelper.collectMethodsByGroup() took 0 ms.
""2026-04-29 08:28:22 [main] INFO  org.testng.internal.Utils - [Utils] MethodGroupsHelper.sortMethods() took 0 ms.
""2026-04-29 08:28:22 [main] INFO  org.testng.internal.Utils - [Utils] MethodGroupsHelper.collectMethodsByGroup() took 7 ms.
""2026-04-29 08:28:22 [main] INFO  org.testng.internal.Utils - [Utils] MethodGroupsHelper.sortMethods() took 9 ms.
""2026-04-29 08:28:22 [main] INFO  org.testng.internal.Utils - [Utils] MethodGroupsHelper.collectMethodsByGroup() took 0 ms.
""2026-04-29 08:28:22 [main] INFO  org.testng.internal.Utils - [Utils] MethodGroupsHelper.sortMethods() took 0 ms.
""2026-04-29 08:28:22 [main] INFO  org.testng.internal.Utils - [Utils] MethodGroupsHelper.collectMethodsByGroup() took 0 ms.
""2026-04-29 08:28:22 [main] INFO  org.testng.internal.Utils - [Utils] MethodGroupsHelper.sortMethods() took 0 ms.
""2026-04-29 08:28:22 [main] INFO  org.testng.internal.Utils - [TestNG] Running:
  C:\Users\Aishw\AppData\Local\Temp\testng-eclipse-459186536\testng-customsuite.xml

""2026-04-29 08:28:22 [main] INFO  org.testng.internal.Utils - [Utils] DynamicGraphHelper.createDynamicGraph() took 6 ms.
""2026-04-29 08:28:26 [main] INFO  org.testng.internal.Utils - [TestNG] Time taken by org.testng.reporters.jq.Main@c6c82aa: 55 ms
""2026-04-29 08:28:26 [main] INFO  org.testng.internal.Utils - [TestNG] Time taken by org.testng.reporters.FailedReporter@534c6767: 1 ms
""2026-04-29 08:28:26 [main] INFO  org.testng.internal.Utils - [TestNG] Time taken by org.testng.reporters.XMLReporter@5b22d8a1: 8 ms
""2026-04-29 08:28:26 [main] INFO  org.testng.internal.Utils - [TestNG] Time taken by org.testng.reporters.EmailableReporter2@10c07b8d: 8 ms
""2026-04-29 08:28:26 [main] INFO  org.testng.internal.Utils - [TestNG] Time taken by org.testng.reporters.JUnitReportReporter@21c815e4: 4 ms
""2026-04-29 08:28:26 [main] INFO  org.testng.internal.Utils - [TestNG] Time taken by org.testng.internal.ExitCodeListener@7342e05d: 0 ms
""2026-04-29 08:30:23 [main] INFO  org.testng.internal.Utils - [Utils] MethodGroupsHelper.collectMethodsByGroup() took 0 ms.
""2026-04-29 08:30:23 [main] INFO  org.testng.internal.Utils - [Utils] MethodGroupsHelper.sortMethods() took 1 ms.
""2026-04-29 08:30:23 [main] INFO  org.testng.internal.Utils - [Utils] MethodGroupsHelper.collectMethodsByGroup() took 0 ms.
""2026-04-29 08:30:23 [main] INFO  org.testng.internal.Utils - [Utils] MethodGroupsHelper.sortMethods() took 0 ms.
""2026-04-29 08:30:23 [main] INFO  org.testng.internal.Utils - [Utils] MethodGroupsHelper.collectMethodsByGroup() took 0 ms.
""2026-04-29 08:30:23 [main] INFO  org.testng.internal.Utils - [Utils] MethodGroupsHelper.sortMethods() took 0 ms.
""2026-04-29 08:30:23 [main] INFO  org.testng.internal.Utils - [Utils] MethodGroupsHelper.collectMethodsByGroup() took 0 ms.
""2026-04-29 08:30:23 [main] INFO  org.testng.internal.Utils - [Utils] MethodGroupsHelper.sortMethods() took 0 ms.
""2026-04-29 08:30:23 [main] INFO  org.testng.internal.Utils - [Utils] MethodGroupsHelper.collectMethodsByGroup() took 0 ms.
""2026-04-29 08:30:23 [main] INFO  org.testng.internal.Utils - [Utils] MethodGroupsHelper.sortMethods() took 0 ms.
""2026-04-29 08:30:23 [main] INFO  org.testng.internal.Utils - [Utils] MethodGroupsHelper.collectMethodsByGroup() took 0 ms.
""2026-04-29 08:30:23 [main] INFO  org.testng.internal.Utils - [Utils] MethodGroupsHelper.sortMethods() took 0 ms.
""2026-04-29 08:30:23 [main] INFO  org.testng.internal.Utils - [Utils] MethodGroupsHelper.collectMethodsByGroup() took 0 ms.
""2026-04-29 08:30:23 [main] INFO  org.testng.internal.Utils - [Utils] MethodGroupsHelper.sortMethods() took 0 ms.
""2026-04-29 08:30:23 [main] INFO  org.testng.internal.Utils - [Utils] MethodGroupsHelper.collectMethodsByGroup() took 0 ms.
""2026-04-29 08:30:23 [main] INFO  org.testng.internal.Utils - [Utils] MethodGroupsHelper.sortMethods() took 0 ms.
""2026-04-29 08:30:23 [main] INFO  org.testng.internal.Utils - [Utils] MethodGroupsHelper.collectMethodsByGroup() took 0 ms.
""2026-04-29 08:30:23 [main] INFO  org.testng.internal.Utils - [Utils] MethodGroupsHelper.sortMethods() took 0 ms.
""2026-04-29 08:30:23 [main] INFO  org.testng.internal.Utils - [Utils] MethodGroupsHelper.collectMethodsByGroup() took 0 ms.
""2026-04-29 08:30:23 [main] INFO  org.testng.internal.Utils - [Utils] MethodGroupsHelper.sortMethods() took 0 ms.
""2026-04-29 08:30:23 [main] INFO  org.testng.internal.Utils - [Utils] MethodGroupsHelper.collectMethodsByGroup() took 0 ms.
""2026-04-29 08:30:23 [main] INFO  org.testng.internal.Utils - [Utils] MethodGroupsHelper.sortMethods() took 0 ms.
""2026-04-29 08:30:23 [main] INFO  org.testng.internal.Utils - [Utils] MethodGroupsHelper.collectMethodsByGroup() took 0 ms.
""2026-04-29 08:30:23 [main] INFO  org.testng.internal.Utils - [Utils] MethodGroupsHelper.sortMethods() took 0 ms.
""2026-04-29 08:30:23 [main] INFO  org.testng.internal.Utils - [Utils] MethodGroupsHelper.collectMethodsByGroup() took 7 ms.
""2026-04-29 08:30:23 [main] INFO  org.testng.internal.Utils - [Utils] MethodGroupsHelper.sortMethods() took 8 ms.
""2026-04-29 08:30:23 [main] INFO  org.testng.internal.Utils - [Utils] MethodGroupsHelper.collectMethodsByGroup() took 0 ms.
""2026-04-29 08:30:23 [main] INFO  org.testng.internal.Utils - [Utils] MethodGroupsHelper.sortMethods() took 0 ms.
""2026-04-29 08:30:23 [main] INFO  org.testng.internal.Utils - [Utils] MethodGroupsHelper.collectMethodsByGroup() took 0 ms.
""2026-04-29 08:30:23 [main] INFO  org.testng.internal.Utils - [Utils] MethodGroupsHelper.sortMethods() took 0 ms.
""2026-04-29 08:30:23 [main] INFO  org.testng.internal.Utils - [TestNG] Running:
  C:\Users\Aishw\AppData\Local\Temp\testng-eclipse-1670192183\testng-customsuite.xml

""2026-04-29 08:30:23 [main] INFO  org.testng.internal.Utils - [Utils] DynamicGraphHelper.createDynamicGraph() took 4 ms.
""2026-04-29 08:30:27 [main] INFO  org.testng.internal.Utils - [TestNG] Time taken by org.testng.reporters.jq.Main@5b22d8a1: 59 ms
""2026-04-29 08:30:27 [main] INFO  org.testng.internal.Utils - [TestNG] Time taken by org.testng.reporters.FailedReporter@7cd4a4d7: 3 ms
""2026-04-29 08:30:27 [main] INFO  org.testng.internal.Utils - [TestNG] Time taken by org.testng.reporters.XMLReporter@360bc645: 9 ms
""2026-04-29 08:30:27 [main] INFO  org.testng.internal.Utils - [TestNG] Time taken by org.testng.reporters.EmailableReporter2@3414a8c3: 4 ms
""2026-04-29 08:30:27 [main] INFO  org.testng.internal.Utils - [TestNG] Time taken by org.testng.reporters.JUnitReportReporter@4a67b4ec: 6 ms
""2026-04-29 08:30:27 [main] INFO  org.testng.internal.Utils - [TestNG] Time taken by org.testng.internal.ExitCodeListener@10643593: 0 ms
""2026-04-29 08:31:20 [main] INFO  org.testng.internal.Utils - [Utils] MethodGroupsHelper.collectMethodsByGroup() took 0 ms.
""2026-04-29 08:31:20 [main] INFO  org.testng.internal.Utils - [Utils] MethodGroupsHelper.sortMethods() took 0 ms.
""2026-04-29 08:31:20 [main] INFO  org.testng.internal.Utils - [Utils] MethodGroupsHelper.collectMethodsByGroup() took 0 ms.
""2026-04-29 08:31:20 [main] INFO  org.testng.internal.Utils - [Utils] MethodGroupsHelper.sortMethods() took 0 ms.
""2026-04-29 08:31:20 [main] INFO  org.testng.internal.Utils - [Utils] MethodGroupsHelper.collectMethodsByGroup() took 0 ms.
""2026-04-29 08:31:20 [main] INFO  org.testng.internal.Utils - [Utils] MethodGroupsHelper.sortMethods() took 0 ms.
""2026-04-29 08:31:20 [main] INFO  org.testng.internal.Utils - [Utils] MethodGroupsHelper.collectMethodsByGroup() took 0 ms.
""2026-04-29 08:31:20 [main] INFO  org.testng.internal.Utils - [Utils] MethodGroupsHelper.sortMethods() took 0 ms.
""2026-04-29 08:31:20 [main] INFO  org.testng.internal.Utils - [Utils] MethodGroupsHelper.collectMethodsByGroup() took 0 ms.
""2026-04-29 08:31:20 [main] INFO  org.testng.internal.Utils - [Utils] MethodGroupsHelper.sortMethods() took 0 ms.
""2026-04-29 08:31:20 [main] INFO  org.testng.internal.Utils - [Utils] MethodGroupsHelper.collectMethodsByGroup() took 0 ms.
""2026-04-29 08:31:20 [main] INFO  org.testng.internal.Utils - [Utils] MethodGroupsHelper.sortMethods() took 0 ms.
""2026-04-29 08:31:20 [main] INFO  org.testng.internal.Utils - [Utils] MethodGroupsHelper.collectMethodsByGroup() took 0 ms.
""2026-04-29 08:31:20 [main] INFO  org.testng.internal.Utils - [Utils] MethodGroupsHelper.sortMethods() took 0 ms.
""2026-04-29 08:31:20 [main] INFO  org.testng.internal.Utils - [Utils] MethodGroupsHelper.collectMethodsByGroup() took 0 ms.
""2026-04-29 08:31:20 [main] INFO  org.testng.internal.Utils - [Utils] MethodGroupsHelper.sortMethods() took 0 ms.
""2026-04-29 08:31:20 [main] INFO  org.testng.internal.Utils - [Utils] MethodGroupsHelper.collectMethodsByGroup() took 0 ms.
""2026-04-29 08:31:20 [main] INFO  org.testng.internal.Utils - [Utils] MethodGroupsHelper.sortMethods() took 0 ms.
""2026-04-29 08:31:20 [main] INFO  org.testng.internal.Utils - [Utils] MethodGroupsHelper.collectMethodsByGroup() took 0 ms.
""2026-04-29 08:31:20 [main] INFO  org.testng.internal.Utils - [Utils] MethodGroupsHelper.sortMethods() took 0 ms.
""2026-04-29 08:31:20 [main] INFO  org.testng.internal.Utils - [Utils] MethodGroupsHelper.collectMethodsByGroup() took 0 ms.
""2026-04-29 08:31:20 [main] INFO  org.testng.internal.Utils - [Utils] MethodGroupsHelper.sortMethods() took 0 ms.
""2026-04-29 08:31:20 [main] INFO  org.testng.internal.Utils - [Utils] MethodGroupsHelper.collectMethodsByGroup() took 0 ms.
""2026-04-29 08:31:20 [main] INFO  org.testng.internal.Utils - [Utils] MethodGroupsHelper.sortMethods() took 0 ms.
""2026-04-29 08:31:20 [main] INFO  org.testng.internal.Utils - [Utils] MethodGroupsHelper.collectMethodsByGroup() took 10 ms.
""2026-04-29 08:31:20 [main] INFO  org.testng.internal.Utils - [Utils] MethodGroupsHelper.sortMethods() took 8 ms.
""2026-04-29 08:31:20 [main] INFO  org.testng.internal.Utils - [Utils] MethodGroupsHelper.collectMethodsByGroup() took 0 ms.
""2026-04-29 08:31:20 [main] INFO  org.testng.internal.Utils - [Utils] MethodGroupsHelper.sortMethods() took 0 ms.
""2026-04-29 08:31:20 [main] INFO  org.testng.internal.Utils - [Utils] MethodGroupsHelper.collectMethodsByGroup() took 0 ms.
""2026-04-29 08:31:20 [main] INFO  org.testng.internal.Utils - [Utils] MethodGroupsHelper.sortMethods() took 0 ms.
""2026-04-29 08:31:20 [main] INFO  org.testng.internal.Utils - [TestNG] Running:
  C:\Users\Aishw\AppData\Local\Temp\testng-eclipse--1131656576\testng-customsuite.xml

""2026-04-29 08:31:20 [main] INFO  org.testng.internal.Utils - [Utils] DynamicGraphHelper.createDynamicGraph() took 7 ms.
""2026-04-29 08:31:24 [main] INFO  org.testng.internal.Utils - [TestNG] Time taken by org.testng.reporters.jq.Main@5b22d8a1: 73 ms
""2026-04-29 08:31:24 [main] INFO  org.testng.internal.Utils - [TestNG] Time taken by org.testng.reporters.FailedReporter@7cd4a4d7: 1 ms
""2026-04-29 08:31:24 [main] INFO  org.testng.internal.Utils - [TestNG] Time taken by org.testng.reporters.XMLReporter@360bc645: 5 ms
""2026-04-29 08:31:24 [main] INFO  org.testng.internal.Utils - [TestNG] Time taken by org.testng.reporters.EmailableReporter2@3414a8c3: 3 ms
""2026-04-29 08:31:24 [main] INFO  org.testng.internal.Utils - [TestNG] Time taken by org.testng.reporters.JUnitReportReporter@4a67b4ec: 5 ms
""2026-04-29 08:31:24 [main] INFO  org.testng.internal.Utils - [TestNG] Time taken by org.testng.internal.ExitCodeListener@10643593: 0 ms
""2026-04-29 08:32:03 [main] INFO  org.testng.internal.Utils - [Utils] MethodGroupsHelper.collectMethodsByGroup() took 0 ms.
""2026-04-29 08:32:03 [main] INFO  org.testng.internal.Utils - [Utils] MethodGroupsHelper.sortMethods() took 2 ms.
""2026-04-29 08:32:03 [main] INFO  org.testng.internal.Utils - [Utils] MethodGroupsHelper.collectMethodsByGroup() took 0 ms.
""2026-04-29 08:32:03 [main] INFO  org.testng.internal.Utils - [Utils] MethodGroupsHelper.sortMethods() took 0 ms.
""2026-04-29 08:32:03 [main] INFO  org.testng.internal.Utils - [Utils] MethodGroupsHelper.collectMethodsByGroup() took 0 ms.
""2026-04-29 08:32:03 [main] INFO  org.testng.internal.Utils - [Utils] MethodGroupsHelper.sortMethods() took 0 ms.
""2026-04-29 08:32:03 [main] INFO  org.testng.internal.Utils - [Utils] MethodGroupsHelper.collectMethodsByGroup() took 0 ms.
""2026-04-29 08:32:03 [main] INFO  org.testng.internal.Utils - [Utils] MethodGroupsHelper.sortMethods() took 0 ms.
""2026-04-29 08:32:03 [main] INFO  org.testng.internal.Utils - [Utils] MethodGroupsHelper.collectMethodsByGroup() took 0 ms.
""2026-04-29 08:32:03 [main] INFO  org.testng.internal.Utils - [Utils] MethodGroupsHelper.sortMethods() took 0 ms.
""2026-04-29 08:32:03 [main] INFO  org.testng.internal.Utils - [Utils] MethodGroupsHelper.collectMethodsByGroup() took 0 ms.
""2026-04-29 08:32:03 [main] INFO  org.testng.internal.Utils - [Utils] MethodGroupsHelper.sortMethods() took 1 ms.
""2026-04-29 08:32:03 [main] INFO  org.testng.internal.Utils - [Utils] MethodGroupsHelper.collectMethodsByGroup() took 0 ms.
""2026-04-29 08:32:03 [main] INFO  org.testng.internal.Utils - [Utils] MethodGroupsHelper.sortMethods() took 0 ms.
""2026-04-29 08:32:03 [main] INFO  org.testng.internal.Utils - [Utils] MethodGroupsHelper.collectMethodsByGroup() took 0 ms.
""2026-04-29 08:32:03 [main] INFO  org.testng.internal.Utils - [Utils] MethodGroupsHelper.sortMethods() took 0 ms.
""2026-04-29 08:32:03 [main] INFO  org.testng.internal.Utils - [Utils] MethodGroupsHelper.collectMethodsByGroup() took 0 ms.
""2026-04-29 08:32:03 [main] INFO  org.testng.internal.Utils - [Utils] MethodGroupsHelper.sortMethods() took 0 ms.
""2026-04-29 08:32:03 [main] INFO  org.testng.internal.Utils - [Utils] MethodGroupsHelper.collectMethodsByGroup() took 0 ms.
""2026-04-29 08:32:03 [main] INFO  org.testng.internal.Utils - [Utils] MethodGroupsHelper.sortMethods() took 0 ms.
""2026-04-29 08:32:03 [main] INFO  org.testng.internal.Utils - [Utils] MethodGroupsHelper.collectMethodsByGroup() took 0 ms.
""2026-04-29 08:32:03 [main] INFO  org.testng.internal.Utils - [Utils] MethodGroupsHelper.sortMethods() took 0 ms.
""2026-04-29 08:32:03 [main] INFO  org.testng.internal.Utils - [Utils] MethodGroupsHelper.collectMethodsByGroup() took 0 ms.
""2026-04-29 08:32:03 [main] INFO  org.testng.internal.Utils - [Utils] MethodGroupsHelper.sortMethods() took 0 ms.
""2026-04-29 08:32:03 [main] INFO  org.testng.internal.Utils - [Utils] MethodGroupsHelper.collectMethodsByGroup() took 10 ms.
""2026-04-29 08:32:03 [main] INFO  org.testng.internal.Utils - [Utils] MethodGroupsHelper.sortMethods() took 9 ms.
""2026-04-29 08:32:03 [main] INFO  org.testng.internal.Utils - [Utils] MethodGroupsHelper.collectMethodsByGroup() took 0 ms.
""2026-04-29 08:32:03 [main] INFO  org.testng.internal.Utils - [Utils] MethodGroupsHelper.sortMethods() took 0 ms.
""2026-04-29 08:32:03 [main] INFO  org.testng.internal.Utils - [Utils] MethodGroupsHelper.collectMethodsByGroup() took 0 ms.
""2026-04-29 08:32:03 [main] INFO  org.testng.internal.Utils - [Utils] MethodGroupsHelper.sortMethods() took 0 ms.
""2026-04-29 08:32:03 [main] INFO  org.testng.internal.Utils - [TestNG] Running:
  C:\Users\Aishw\AppData\Local\Temp\testng-eclipse-2101064979\testng-customsuite.xml

""2026-04-29 08:32:03 [main] INFO  org.testng.internal.Utils - [Utils] DynamicGraphHelper.createDynamicGraph() took 11 ms.
""2026-04-29 08:32:07 [main] INFO  org.testng.internal.Utils - [TestNG] Time taken by org.testng.reporters.jq.Main@2e179f3e: 91 ms
""2026-04-29 08:32:07 [main] INFO  org.testng.internal.Utils - [TestNG] Time taken by org.testng.reporters.FailedReporter@10c07b8d: 21 ms
""2026-04-29 08:32:07 [main] INFO  org.testng.internal.Utils - [TestNG] Time taken by org.testng.reporters.XMLReporter@3414a8c3: 13 ms
""2026-04-29 08:32:07 [main] INFO  org.testng.internal.Utils - [TestNG] Time taken by org.testng.reporters.EmailableReporter2@113e13f9: 10 ms
""2026-04-29 08:32:07 [main] INFO  org.testng.internal.Utils - [TestNG] Time taken by org.testng.reporters.JUnitReportReporter@124ac145: 10 ms
""2026-04-29 08:32:07 [main] INFO  org.testng.internal.Utils - [TestNG] Time taken by org.testng.internal.ExitCodeListener@2def7a7a: 0 ms
""2026-04-29 08:32:43 [main] INFO  org.testng.internal.Utils - [Utils] MethodGroupsHelper.collectMethodsByGroup() took 0 ms.
""2026-04-29 08:32:43 [main] INFO  org.testng.internal.Utils - [Utils] MethodGroupsHelper.sortMethods() took 1 ms.
""2026-04-29 08:32:43 [main] INFO  org.testng.internal.Utils - [Utils] MethodGroupsHelper.collectMethodsByGroup() took 0 ms.
""2026-04-29 08:32:43 [main] INFO  org.testng.internal.Utils - [Utils] MethodGroupsHelper.sortMethods() took 0 ms.
""2026-04-29 08:32:43 [main] INFO  org.testng.internal.Utils - [Utils] MethodGroupsHelper.collectMethodsByGroup() took 0 ms.
""2026-04-29 08:32:43 [main] INFO  org.testng.internal.Utils - [Utils] MethodGroupsHelper.sortMethods() took 0 ms.
""2026-04-29 08:32:43 [main] INFO  org.testng.internal.Utils - [Utils] MethodGroupsHelper.collectMethodsByGroup() took 0 ms.
""2026-04-29 08:32:43 [main] INFO  org.testng.internal.Utils - [Utils] MethodGroupsHelper.sortMethods() took 0 ms.
""2026-04-29 08:32:43 [main] INFO  org.testng.internal.Utils - [Utils] MethodGroupsHelper.collectMethodsByGroup() took 0 ms.
""2026-04-29 08:32:43 [main] INFO  org.testng.internal.Utils - [Utils] MethodGroupsHelper.sortMethods() took 0 ms.
""2026-04-29 08:32:43 [main] INFO  org.testng.internal.Utils - [Utils] MethodGroupsHelper.collectMethodsByGroup() took 0 ms.
""2026-04-29 08:32:43 [main] INFO  org.testng.internal.Utils - [Utils] MethodGroupsHelper.sortMethods() took 0 ms.
""2026-04-29 08:32:43 [main] INFO  org.testng.internal.Utils - [Utils] MethodGroupsHelper.collectMethodsByGroup() took 0 ms.
""2026-04-29 08:32:43 [main] INFO  org.testng.internal.Utils - [Utils] MethodGroupsHelper.sortMethods() took 0 ms.
""2026-04-29 08:32:43 [main] INFO  org.testng.internal.Utils - [Utils] MethodGroupsHelper.collectMethodsByGroup() took 0 ms.
""2026-04-29 08:32:43 [main] INFO  org.testng.internal.Utils - [Utils] MethodGroupsHelper.sortMethods() took 0 ms.
""2026-04-29 08:32:43 [main] INFO  org.testng.internal.Utils - [Utils] MethodGroupsHelper.collectMethodsByGroup() took 1 ms.
""2026-04-29 08:32:43 [main] INFO  org.testng.internal.Utils - [Utils] MethodGroupsHelper.sortMethods() took 0 ms.
""2026-04-29 08:32:43 [main] INFO  org.testng.internal.Utils - [Utils] MethodGroupsHelper.collectMethodsByGroup() took 0 ms.
""2026-04-29 08:32:43 [main] INFO  org.testng.internal.Utils - [Utils] MethodGroupsHelper.sortMethods() took 0 ms.
""2026-04-29 08:32:43 [main] INFO  org.testng.internal.Utils - [Utils] MethodGroupsHelper.collectMethodsByGroup() took 0 ms.
""2026-04-29 08:32:43 [main] INFO  org.testng.internal.Utils - [Utils] MethodGroupsHelper.sortMethods() took 0 ms.
""2026-04-29 08:32:43 [main] INFO  org.testng.internal.Utils - [Utils] MethodGroupsHelper.collectMethodsByGroup() took 0 ms.
""2026-04-29 08:32:43 [main] INFO  org.testng.internal.Utils - [Utils] MethodGroupsHelper.sortMethods() took 0 ms.
""2026-04-29 08:32:43 [main] INFO  org.testng.internal.Utils - [Utils] MethodGroupsHelper.collectMethodsByGroup() took 7 ms.
""2026-04-29 08:32:43 [main] INFO  org.testng.internal.Utils - [Utils] MethodGroupsHelper.sortMethods() took 5 ms.
""2026-04-29 08:32:43 [main] INFO  org.testng.internal.Utils - [Utils] MethodGroupsHelper.collectMethodsByGroup() took 0 ms.
""2026-04-29 08:32:43 [main] INFO  org.testng.internal.Utils - [Utils] MethodGroupsHelper.sortMethods() took 0 ms.
""2026-04-29 08:32:43 [main] INFO  org.testng.internal.Utils - [Utils] MethodGroupsHelper.collectMethodsByGroup() took 0 ms.
""2026-04-29 08:32:43 [main] INFO  org.testng.internal.Utils - [Utils] MethodGroupsHelper.sortMethods() took 0 ms.
""2026-04-29 08:32:43 [main] INFO  org.testng.internal.Utils - [TestNG] Running:
  C:\Users\Aishw\AppData\Local\Temp\testng-eclipse-837959531\testng-customsuite.xml

""2026-04-29 08:32:43 [main] INFO  org.testng.internal.Utils - [Utils] DynamicGraphHelper.createDynamicGraph() took 6 ms.
""2026-04-29 08:32:47 [main] INFO  org.testng.internal.Utils - [TestNG] Time taken by org.testng.reporters.jq.Main@c6c82aa: 53 ms
""2026-04-29 08:32:47 [main] INFO  org.testng.internal.Utils - [TestNG] Time taken by org.testng.reporters.FailedReporter@534c6767: 3 ms
""2026-04-29 08:32:47 [main] INFO  org.testng.internal.Utils - [TestNG] Time taken by org.testng.reporters.XMLReporter@5b22d8a1: 8 ms
""2026-04-29 08:32:47 [main] INFO  org.testng.internal.Utils - [TestNG] Time taken by org.testng.reporters.EmailableReporter2@10c07b8d: 9 ms
""2026-04-29 08:32:47 [main] INFO  org.testng.internal.Utils - [TestNG] Time taken by org.testng.reporters.JUnitReportReporter@21c815e4: 8 ms
""2026-04-29 08:32:47 [main] INFO  org.testng.internal.Utils - [TestNG] Time taken by org.testng.internal.ExitCodeListener@7342e05d: 0 ms
""2026-04-29 08:32:58 [main] INFO  org.testng.internal.Utils - [Utils] MethodGroupsHelper.collectMethodsByGroup() took 1 ms.
""2026-04-29 08:32:58 [main] INFO  org.testng.internal.Utils - [Utils] MethodGroupsHelper.sortMethods() took 1 ms.
""2026-04-29 08:32:58 [main] INFO  org.testng.internal.Utils - [Utils] MethodGroupsHelper.collectMethodsByGroup() took 0 ms.
""2026-04-29 08:32:58 [main] INFO  org.testng.internal.Utils - [Utils] MethodGroupsHelper.sortMethods() took 0 ms.
""2026-04-29 08:32:58 [main] INFO  org.testng.internal.Utils - [Utils] MethodGroupsHelper.collectMethodsByGroup() took 0 ms.
""2026-04-29 08:32:58 [main] INFO  org.testng.internal.Utils - [Utils] MethodGroupsHelper.sortMethods() took 0 ms.
""2026-04-29 08:32:58 [main] INFO  org.testng.internal.Utils - [Utils] MethodGroupsHelper.collectMethodsByGroup() took 0 ms.
""2026-04-29 08:32:58 [main] INFO  org.testng.internal.Utils - [Utils] MethodGroupsHelper.sortMethods() took 0 ms.
""2026-04-29 08:32:58 [main] INFO  org.testng.internal.Utils - [Utils] MethodGroupsHelper.collectMethodsByGroup() took 0 ms.
""2026-04-29 08:32:58 [main] INFO  org.testng.internal.Utils - [Utils] MethodGroupsHelper.sortMethods() took 0 ms.
""2026-04-29 08:32:58 [main] INFO  org.testng.internal.Utils - [Utils] MethodGroupsHelper.collectMethodsByGroup() took 0 ms.
""2026-04-29 08:32:58 [main] INFO  org.testng.internal.Utils - [Utils] MethodGroupsHelper.sortMethods() took 0 ms.
""2026-04-29 08:32:58 [main] INFO  org.testng.internal.Utils - [Utils] MethodGroupsHelper.collectMethodsByGroup() took 0 ms.
""2026-04-29 08:32:58 [main] INFO  org.testng.internal.Utils - [Utils] MethodGroupsHelper.sortMethods() took 0 ms.
""2026-04-29 08:32:58 [main] INFO  org.testng.internal.Utils - [Utils] MethodGroupsHelper.collectMethodsByGroup() took 0 ms.
""2026-04-29 08:32:58 [main] INFO  org.testng.internal.Utils - [Utils] MethodGroupsHelper.sortMethods() took 0 ms.
""2026-04-29 08:32:58 [main] INFO  org.testng.internal.Utils - [Utils] MethodGroupsHelper.collectMethodsByGroup() took 0 ms.
""2026-04-29 08:32:58 [main] INFO  org.testng.internal.Utils - [Utils] MethodGroupsHelper.sortMethods() took 0 ms.
""2026-04-29 08:32:58 [main] INFO  org.testng.internal.Utils - [Utils] MethodGroupsHelper.collectMethodsByGroup() took 0 ms.
""2026-04-29 08:32:58 [main] INFO  org.testng.internal.Utils - [Utils] MethodGroupsHelper.sortMethods() took 0 ms.
""2026-04-29 08:32:58 [main] INFO  org.testng.internal.Utils - [Utils] MethodGroupsHelper.collectMethodsByGroup() took 0 ms.
""2026-04-29 08:32:58 [main] INFO  org.testng.internal.Utils - [Utils] MethodGroupsHelper.sortMethods() took 0 ms.
""2026-04-29 08:32:58 [main] INFO  org.testng.internal.Utils - [Utils] MethodGroupsHelper.collectMethodsByGroup() took 0 ms.
""2026-04-29 08:32:58 [main] INFO  org.testng.internal.Utils - [Utils] MethodGroupsHelper.sortMethods() took 0 ms.
""2026-04-29 08:32:58 [main] INFO  org.testng.internal.Utils - [Utils] MethodGroupsHelper.collectMethodsByGroup() took 8 ms.
""2026-04-29 08:32:58 [main] INFO  org.testng.internal.Utils - [Utils] MethodGroupsHelper.sortMethods() took 7 ms.
""2026-04-29 08:32:58 [main] INFO  org.testng.internal.Utils - [Utils] MethodGroupsHelper.collectMethodsByGroup() took 0 ms.
""2026-04-29 08:32:58 [main] INFO  org.testng.internal.Utils - [Utils] MethodGroupsHelper.sortMethods() took 0 ms.
""2026-04-29 08:32:58 [main] INFO  org.testng.internal.Utils - [Utils] MethodGroupsHelper.collectMethodsByGroup() took 0 ms.
""2026-04-29 08:32:58 [main] INFO  org.testng.internal.Utils - [Utils] MethodGroupsHelper.sortMethods() took 0 ms.
""2026-04-29 08:32:58 [main] INFO  org.testng.internal.Utils - [TestNG] Running:
  C:\Users\Aishw\AppData\Local\Temp\testng-eclipse--462476427\testng-customsuite.xml

""2026-04-29 08:32:59 [main] INFO  org.testng.internal.Utils - [Utils] DynamicGraphHelper.createDynamicGraph() took 7 ms.
""2026-04-29 08:33:02 [main] INFO  org.testng.internal.Utils - [TestNG] Time taken by org.testng.reporters.jq.Main@c6c82aa: 55 ms
""2026-04-29 08:33:02 [main] INFO  org.testng.internal.Utils - [TestNG] Time taken by org.testng.reporters.FailedReporter@534c6767: 2 ms
""2026-04-29 08:33:02 [main] INFO  org.testng.internal.Utils - [TestNG] Time taken by org.testng.reporters.XMLReporter@5b22d8a1: 7 ms
""2026-04-29 08:33:02 [main] INFO  org.testng.internal.Utils - [TestNG] Time taken by org.testng.reporters.EmailableReporter2@10c07b8d: 11 ms
""2026-04-29 08:33:02 [main] INFO  org.testng.internal.Utils - [TestNG] Time taken by org.testng.reporters.JUnitReportReporter@21c815e4: 4 ms
""2026-04-29 08:33:02 [main] INFO  org.testng.internal.Utils - [TestNG] Time taken by org.testng.internal.ExitCodeListener@7342e05d: 0 ms
""2026-04-29 08:34:20 [main] INFO  org.testng.internal.Utils - [Utils] MethodGroupsHelper.collectMethodsByGroup() took 1 ms.
""2026-04-29 08:34:20 [main] INFO  org.testng.internal.Utils - [Utils] MethodGroupsHelper.sortMethods() took 0 ms.
""2026-04-29 08:34:20 [main] INFO  org.testng.internal.Utils - [Utils] MethodGroupsHelper.collectMethodsByGroup() took 0 ms.
""2026-04-29 08:34:20 [main] INFO  org.testng.internal.Utils - [Utils] MethodGroupsHelper.sortMethods() took 0 ms.
""2026-04-29 08:34:20 [main] INFO  org.testng.internal.Utils - [Utils] MethodGroupsHelper.collectMethodsByGroup() took 0 ms.
""2026-04-29 08:34:20 [main] INFO  org.testng.internal.Utils - [Utils] MethodGroupsHelper.sortMethods() took 0 ms.
""2026-04-29 08:34:20 [main] INFO  org.testng.internal.Utils - [Utils] MethodGroupsHelper.collectMethodsByGroup() took 0 ms.
""2026-04-29 08:34:20 [main] INFO  org.testng.internal.Utils - [Utils] MethodGroupsHelper.sortMethods() took 0 ms.
""2026-04-29 08:34:20 [main] INFO  org.testng.internal.Utils - [Utils] MethodGroupsHelper.collectMethodsByGroup() took 0 ms.
""2026-04-29 08:34:20 [main] INFO  org.testng.internal.Utils - [Utils] MethodGroupsHelper.sortMethods() took 0 ms.
""2026-04-29 08:34:20 [main] INFO  org.testng.internal.Utils - [Utils] MethodGroupsHelper.collectMethodsByGroup() took 0 ms.
""2026-04-29 08:34:20 [main] INFO  org.testng.internal.Utils - [Utils] MethodGroupsHelper.sortMethods() took 0 ms.
""2026-04-29 08:34:20 [main] INFO  org.testng.internal.Utils - [Utils] MethodGroupsHelper.collectMethodsByGroup() took 0 ms.
""2026-04-29 08:34:20 [main] INFO  org.testng.internal.Utils - [Utils] MethodGroupsHelper.sortMethods() took 0 ms.
""2026-04-29 08:34:20 [main] INFO  org.testng.internal.Utils - [Utils] MethodGroupsHelper.collectMethodsByGroup() took 0 ms.
""2026-04-29 08:34:20 [main] INFO  org.testng.internal.Utils - [Utils] MethodGroupsHelper.sortMethods() took 0 ms.
""2026-04-29 08:34:20 [main] INFO  org.testng.internal.Utils - [Utils] MethodGroupsHelper.collectMethodsByGroup() took 0 ms.
""2026-04-29 08:34:20 [main] INFO  org.testng.internal.Utils - [Utils] MethodGroupsHelper.sortMethods() took 0 ms.
""2026-04-29 08:34:20 [main] INFO  org.testng.internal.Utils - [Utils] MethodGroupsHelper.collectMethodsByGroup() took 0 ms.
""2026-04-29 08:34:20 [main] INFO  org.testng.internal.Utils - [Utils] MethodGroupsHelper.sortMethods() took 0 ms.
""2026-04-29 08:34:20 [main] INFO  org.testng.internal.Utils - [Utils] MethodGroupsHelper.collectMethodsByGroup() took 0 ms.
""2026-04-29 08:34:20 [main] INFO  org.testng.internal.Utils - [Utils] MethodGroupsHelper.sortMethods() took 0 ms.
""2026-04-29 08:34:20 [main] INFO  org.testng.internal.Utils - [Utils] MethodGroupsHelper.collectMethodsByGroup() took 0 ms.
""2026-04-29 08:34:20 [main] INFO  org.testng.internal.Utils - [Utils] MethodGroupsHelper.sortMethods() took 0 ms.
""2026-04-29 08:34:20 [main] INFO  org.testng.internal.Utils - [Utils] MethodGroupsHelper.collectMethodsByGroup() took 5 ms.
""2026-04-29 08:34:20 [main] INFO  org.testng.internal.Utils - [Utils] MethodGroupsHelper.sortMethods() took 7 ms.
""2026-04-29 08:34:20 [main] INFO  org.testng.internal.Utils - [Utils] MethodGroupsHelper.collectMethodsByGroup() took 0 ms.
""2026-04-29 08:34:20 [main] INFO  org.testng.internal.Utils - [Utils] MethodGroupsHelper.sortMethods() took 0 ms.
""2026-04-29 08:34:20 [main] INFO  org.testng.internal.Utils - [Utils] MethodGroupsHelper.collectMethodsByGroup() took 0 ms.
""2026-04-29 08:34:20 [main] INFO  org.testng.internal.Utils - [Utils] MethodGroupsHelper.sortMethods() took 0 ms.
""2026-04-29 08:34:20 [main] INFO  org.testng.internal.Utils - [TestNG] Running:
  C:\Users\Aishw\AppData\Local\Temp\testng-eclipse--143965634\testng-customsuite.xml

""2026-04-29 08:34:20 [main] INFO  org.testng.internal.Utils - [Utils] DynamicGraphHelper.createDynamicGraph() took 4 ms.
""2026-04-29 08:34:23 [main] INFO  org.testng.internal.Utils - [TestNG] Time taken by org.testng.reporters.jq.Main@2e179f3e: 53 ms
""2026-04-29 08:34:23 [main] INFO  org.testng.internal.Utils - [TestNG] Time taken by org.testng.reporters.FailedReporter@3bddc676: 1 ms
""2026-04-29 08:34:23 [main] INFO  org.testng.internal.Utils - [TestNG] Time taken by org.testng.reporters.XMLReporter@476ee5b3: 5 ms
""2026-04-29 08:34:23 [main] INFO  org.testng.internal.Utils - [TestNG] Time taken by org.testng.reporters.EmailableReporter2@720bf653: 5 ms
""2026-04-29 08:34:23 [main] INFO  org.testng.internal.Utils - [TestNG] Time taken by org.testng.reporters.JUnitReportReporter@7342e05d: 4 ms
""2026-04-29 08:34:23 [main] INFO  org.testng.internal.Utils - [TestNG] Time taken by org.testng.internal.ExitCodeListener@2a331b46: 0 ms
""2026-04-29 08:35:15 [main] INFO  org.testng.internal.Utils - [Utils] MethodGroupsHelper.collectMethodsByGroup() took 0 ms.
""2026-04-29 08:35:15 [main] INFO  org.testng.internal.Utils - [Utils] MethodGroupsHelper.sortMethods() took 1 ms.
""2026-04-29 08:35:15 [main] INFO  org.testng.internal.Utils - [Utils] MethodGroupsHelper.collectMethodsByGroup() took 0 ms.
""2026-04-29 08:35:15 [main] INFO  org.testng.internal.Utils - [Utils] MethodGroupsHelper.sortMethods() took 0 ms.
""2026-04-29 08:35:15 [main] INFO  org.testng.internal.Utils - [Utils] MethodGroupsHelper.collectMethodsByGroup() took 0 ms.
""2026-04-29 08:35:15 [main] INFO  org.testng.internal.Utils - [Utils] MethodGroupsHelper.sortMethods() took 0 ms.
""2026-04-29 08:35:15 [main] INFO  org.testng.internal.Utils - [Utils] MethodGroupsHelper.collectMethodsByGroup() took 0 ms.
""2026-04-29 08:35:15 [main] INFO  org.testng.internal.Utils - [Utils] MethodGroupsHelper.sortMethods() took 0 ms.
""2026-04-29 08:35:15 [main] INFO  org.testng.internal.Utils - [Utils] MethodGroupsHelper.collectMethodsByGroup() took 0 ms.
""2026-04-29 08:35:15 [main] INFO  org.testng.internal.Utils - [Utils] MethodGroupsHelper.sortMethods() took 0 ms.
""2026-04-29 08:35:15 [main] INFO  org.testng.internal.Utils - [Utils] MethodGroupsHelper.collectMethodsByGroup() took 0 ms.
""2026-04-29 08:35:15 [main] INFO  org.testng.internal.Utils - [Utils] MethodGroupsHelper.sortMethods() took 0 ms.
""2026-04-29 08:35:15 [main] INFO  org.testng.internal.Utils - [Utils] MethodGroupsHelper.collectMethodsByGroup() took 0 ms.
""2026-04-29 08:35:15 [main] INFO  org.testng.internal.Utils - [Utils] MethodGroupsHelper.sortMethods() took 0 ms.
""2026-04-29 08:35:15 [main] INFO  org.testng.internal.Utils - [Utils] MethodGroupsHelper.collectMethodsByGroup() took 0 ms.
""2026-04-29 08:35:15 [main] INFO  org.testng.internal.Utils - [Utils] MethodGroupsHelper.sortMethods() took 0 ms.
""2026-04-29 08:35:15 [main] INFO  org.testng.internal.Utils - [Utils] MethodGroupsHelper.collectMethodsByGroup() took 0 ms.
""2026-04-29 08:35:15 [main] INFO  org.testng.internal.Utils - [Utils] MethodGroupsHelper.sortMethods() took 0 ms.
""2026-04-29 08:35:15 [main] INFO  org.testng.internal.Utils - [Utils] MethodGroupsHelper.collectMethodsByGroup() took 0 ms.
""2026-04-29 08:35:15 [main] INFO  org.testng.internal.Utils - [Utils] MethodGroupsHelper.sortMethods() took 0 ms.
""2026-04-29 08:35:15 [main] INFO  org.testng.internal.Utils - [Utils] MethodGroupsHelper.collectMethodsByGroup() took 0 ms.
""2026-04-29 08:35:15 [main] INFO  org.testng.internal.Utils - [Utils] MethodGroupsHelper.sortMethods() took 0 ms.
""2026-04-29 08:35:15 [main] INFO  org.testng.internal.Utils - [Utils] MethodGroupsHelper.collectMethodsByGroup() took 0 ms.
""2026-04-29 08:35:15 [main] INFO  org.testng.internal.Utils - [Utils] MethodGroupsHelper.sortMethods() took 0 ms.
""2026-04-29 08:35:15 [main] INFO  org.testng.internal.Utils - [Utils] MethodGroupsHelper.collectMethodsByGroup() took 7 ms.
""2026-04-29 08:35:15 [main] INFO  org.testng.internal.Utils - [Utils] MethodGroupsHelper.sortMethods() took 7 ms.
""2026-04-29 08:35:15 [main] INFO  org.testng.internal.Utils - [Utils] MethodGroupsHelper.collectMethodsByGroup() took 0 ms.
""2026-04-29 08:35:15 [main] INFO  org.testng.internal.Utils - [Utils] MethodGroupsHelper.sortMethods() took 0 ms.
""2026-04-29 08:35:15 [main] INFO  org.testng.internal.Utils - [Utils] MethodGroupsHelper.collectMethodsByGroup() took 0 ms.
""2026-04-29 08:35:15 [main] INFO  org.testng.internal.Utils - [Utils] MethodGroupsHelper.sortMethods() took 0 ms.
""2026-04-29 08:35:15 [main] INFO  org.testng.internal.Utils - [TestNG] Running:
  C:\Users\Aishw\AppData\Local\Temp\testng-eclipse--1324867278\testng-customsuite.xml

""2026-04-29 08:35:15 [main] INFO  org.testng.internal.Utils - [Utils] DynamicGraphHelper.createDynamicGraph() took 4 ms.
""2026-04-29 08:35:19 [main] INFO  org.testng.internal.Utils - [TestNG] Time taken by org.testng.reporters.jq.Main@c6c82aa: 45 ms
""2026-04-29 08:35:19 [main] INFO  org.testng.internal.Utils - [TestNG] Time taken by org.testng.reporters.FailedReporter@534c6767: 2 ms
""2026-04-29 08:35:19 [main] INFO  org.testng.internal.Utils - [TestNG] Time taken by org.testng.reporters.XMLReporter@5b22d8a1: 8 ms
""2026-04-29 08:35:19 [main] INFO  org.testng.internal.Utils - [TestNG] Time taken by org.testng.reporters.EmailableReporter2@10c07b8d: 4 ms
""2026-04-29 08:35:19 [main] INFO  org.testng.internal.Utils - [TestNG] Time taken by org.testng.reporters.JUnitReportReporter@7342e05d: 6 ms
""2026-04-29 08:35:19 [main] INFO  org.testng.internal.Utils - [TestNG] Time taken by org.testng.internal.ExitCodeListener@2a331b46: 0 ms
""2026-04-29 08:40:43 [main] INFO  org.testng.internal.Utils - [Utils] MethodGroupsHelper.collectMethodsByGroup() took 1 ms.
""2026-04-29 08:40:43 [main] INFO  org.testng.internal.Utils - [Utils] MethodGroupsHelper.sortMethods() took 1 ms.
""2026-04-29 08:40:43 [main] INFO  org.testng.internal.Utils - [Utils] MethodGroupsHelper.collectMethodsByGroup() took 0 ms.
""2026-04-29 08:40:43 [main] INFO  org.testng.internal.Utils - [Utils] MethodGroupsHelper.sortMethods() took 0 ms.
""2026-04-29 08:40:43 [main] INFO  org.testng.internal.Utils - [Utils] MethodGroupsHelper.collectMethodsByGroup() took 0 ms.
""2026-04-29 08:40:43 [main] INFO  org.testng.internal.Utils - [Utils] MethodGroupsHelper.sortMethods() took 0 ms.
""2026-04-29 08:40:43 [main] INFO  org.testng.internal.Utils - [Utils] MethodGroupsHelper.collectMethodsByGroup() took 0 ms.
""2026-04-29 08:40:43 [main] INFO  org.testng.internal.Utils - [Utils] MethodGroupsHelper.sortMethods() took 0 ms.
""2026-04-29 08:40:43 [main] INFO  org.testng.internal.Utils - [Utils] MethodGroupsHelper.collectMethodsByGroup() took 0 ms.
""2026-04-29 08:40:43 [main] INFO  org.testng.internal.Utils - [Utils] MethodGroupsHelper.sortMethods() took 0 ms.
""2026-04-29 08:40:43 [main] INFO  org.testng.internal.Utils - [Utils] MethodGroupsHelper.collectMethodsByGroup() took 0 ms.
""2026-04-29 08:40:43 [main] INFO  org.testng.internal.Utils - [Utils] MethodGroupsHelper.sortMethods() took 0 ms.
""2026-04-29 08:40:43 [main] INFO  org.testng.internal.Utils - [Utils] MethodGroupsHelper.collectMethodsByGroup() took 0 ms.
""2026-04-29 08:40:43 [main] INFO  org.testng.internal.Utils - [Utils] MethodGroupsHelper.sortMethods() took 0 ms.
""2026-04-29 08:40:43 [main] INFO  org.testng.internal.Utils - [Utils] MethodGroupsHelper.collectMethodsByGroup() took 0 ms.
""2026-04-29 08:40:43 [main] INFO  org.testng.internal.Utils - [Utils] MethodGroupsHelper.sortMethods() took 0 ms.
""2026-04-29 08:40:43 [main] INFO  org.testng.internal.Utils - [Utils] MethodGroupsHelper.collectMethodsByGroup() took 0 ms.
""2026-04-29 08:40:43 [main] INFO  org.testng.internal.Utils - [Utils] MethodGroupsHelper.sortMethods() took 0 ms.
""2026-04-29 08:40:43 [main] INFO  org.testng.internal.Utils - [Utils] MethodGroupsHelper.collectMethodsByGroup() took 0 ms.
""2026-04-29 08:40:43 [main] INFO  org.testng.internal.Utils - [Utils] MethodGroupsHelper.sortMethods() took 0 ms.
""2026-04-29 08:40:43 [main] INFO  org.testng.internal.Utils - [Utils] MethodGroupsHelper.collectMethodsByGroup() took 0 ms.
""2026-04-29 08:40:43 [main] INFO  org.testng.internal.Utils - [Utils] MethodGroupsHelper.sortMethods() took 0 ms.
""2026-04-29 08:40:43 [main] INFO  org.testng.internal.Utils - [Utils] MethodGroupsHelper.collectMethodsByGroup() took 0 ms.
""2026-04-29 08:40:43 [main] INFO  org.testng.internal.Utils - [Utils] MethodGroupsHelper.sortMethods() took 0 ms.
""2026-04-29 08:40:43 [main] INFO  org.testng.internal.Utils - [Utils] MethodGroupsHelper.collectMethodsByGroup() took 8 ms.
""2026-04-29 08:40:43 [main] INFO  org.testng.internal.Utils - [Utils] MethodGroupsHelper.sortMethods() took 8 ms.
""2026-04-29 08:40:43 [main] INFO  org.testng.internal.Utils - [Utils] MethodGroupsHelper.collectMethodsByGroup() took 0 ms.
""2026-04-29 08:40:43 [main] INFO  org.testng.internal.Utils - [Utils] MethodGroupsHelper.sortMethods() took 0 ms.
""2026-04-29 08:40:43 [main] INFO  org.testng.internal.Utils - [Utils] MethodGroupsHelper.collectMethodsByGroup() took 0 ms.
""2026-04-29 08:40:43 [main] INFO  org.testng.internal.Utils - [Utils] MethodGroupsHelper.sortMethods() took 0 ms.
""2026-04-29 08:40:43 [main] INFO  org.testng.internal.Utils - [TestNG] Running:
  C:\Users\Aishw\AppData\Local\Temp\testng-eclipse-126681408\testng-customsuite.xml

""2026-04-29 08:40:43 [main] INFO  org.testng.internal.Utils - [Utils] DynamicGraphHelper.createDynamicGraph() took 5 ms.
""2026-04-29 08:40:47 [main] INFO  org.testng.internal.Utils - [TestNG] Time taken by org.testng.reporters.jq.Main@2e179f3e: 69 ms
""2026-04-29 08:40:47 [main] INFO  org.testng.internal.Utils - [TestNG] Time taken by org.testng.reporters.FailedReporter@3bddc676: 4 ms
""2026-04-29 08:40:47 [main] INFO  org.testng.internal.Utils - [TestNG] Time taken by org.testng.reporters.XMLReporter@476ee5b3: 8 ms
""2026-04-29 08:40:47 [main] INFO  org.testng.internal.Utils - [TestNG] Time taken by org.testng.reporters.EmailableReporter2@720bf653: 4 ms
""2026-04-29 08:40:47 [main] INFO  org.testng.internal.Utils - [TestNG] Time taken by org.testng.reporters.JUnitReportReporter@7342e05d: 3 ms
""2026-04-29 08:40:47 [main] INFO  org.testng.internal.Utils - [TestNG] Time taken by org.testng.internal.ExitCodeListener@2a331b46: 0 ms
""2026-04-29 08:41:54 [main] INFO  org.testng.internal.Utils - [Utils] MethodGroupsHelper.collectMethodsByGroup() took 0 ms.
""2026-04-29 08:41:54 [main] INFO  org.testng.internal.Utils - [Utils] MethodGroupsHelper.sortMethods() took 1 ms.
""2026-04-29 08:41:54 [main] INFO  org.testng.internal.Utils - [Utils] MethodGroupsHelper.collectMethodsByGroup() took 0 ms.
""2026-04-29 08:41:54 [main] INFO  org.testng.internal.Utils - [Utils] MethodGroupsHelper.sortMethods() took 0 ms.
""2026-04-29 08:41:54 [main] INFO  org.testng.internal.Utils - [Utils] MethodGroupsHelper.collectMethodsByGroup() took 0 ms.
""2026-04-29 08:41:54 [main] INFO  org.testng.internal.Utils - [Utils] MethodGroupsHelper.sortMethods() took 0 ms.
""2026-04-29 08:41:54 [main] INFO  org.testng.internal.Utils - [Utils] MethodGroupsHelper.collectMethodsByGroup() took 0 ms.
""2026-04-29 08:41:54 [main] INFO  org.testng.internal.Utils - [Utils] MethodGroupsHelper.sortMethods() took 0 ms.
""2026-04-29 08:41:54 [main] INFO  org.testng.internal.Utils - [Utils] MethodGroupsHelper.collectMethodsByGroup() took 0 ms.
""2026-04-29 08:41:54 [main] INFO  org.testng.internal.Utils - [Utils] MethodGroupsHelper.sortMethods() took 0 ms.
""2026-04-29 08:41:54 [main] INFO  org.testng.internal.Utils - [Utils] MethodGroupsHelper.collectMethodsByGroup() took 0 ms.
""2026-04-29 08:41:54 [main] INFO  org.testng.internal.Utils - [Utils] MethodGroupsHelper.sortMethods() took 0 ms.
""2026-04-29 08:41:54 [main] INFO  org.testng.internal.Utils - [Utils] MethodGroupsHelper.collectMethodsByGroup() took 0 ms.
""2026-04-29 08:41:54 [main] INFO  org.testng.internal.Utils - [Utils] MethodGroupsHelper.sortMethods() took 0 ms.
""2026-04-29 08:41:54 [main] INFO  org.testng.internal.Utils - [Utils] MethodGroupsHelper.collectMethodsByGroup() took 0 ms.
""2026-04-29 08:41:54 [main] INFO  org.testng.internal.Utils - [Utils] MethodGroupsHelper.sortMethods() took 0 ms.
""2026-04-29 08:41:54 [main] INFO  org.testng.internal.Utils - [Utils] MethodGroupsHelper.collectMethodsByGroup() took 0 ms.
""2026-04-29 08:41:54 [main] INFO  org.testng.internal.Utils - [Utils] MethodGroupsHelper.sortMethods() took 0 ms.
""2026-04-29 08:41:54 [main] INFO  org.testng.internal.Utils - [Utils] MethodGroupsHelper.collectMethodsByGroup() took 0 ms.
""2026-04-29 08:41:54 [main] INFO  org.testng.internal.Utils - [Utils] MethodGroupsHelper.sortMethods() took 0 ms.
""2026-04-29 08:41:54 [main] INFO  org.testng.internal.Utils - [Utils] MethodGroupsHelper.collectMethodsByGroup() took 0 ms.
""2026-04-29 08:41:54 [main] INFO  org.testng.internal.Utils - [Utils] MethodGroupsHelper.sortMethods() took 0 ms.
""2026-04-29 08:41:54 [main] INFO  org.testng.internal.Utils - [Utils] MethodGroupsHelper.collectMethodsByGroup() took 0 ms.
""2026-04-29 08:41:54 [main] INFO  org.testng.internal.Utils - [Utils] MethodGroupsHelper.sortMethods() took 0 ms.
""2026-04-29 08:41:55 [main] INFO  org.testng.internal.Utils - [Utils] MethodGroupsHelper.collectMethodsByGroup() took 8 ms.
""2026-04-29 08:41:55 [main] INFO  org.testng.internal.Utils - [Utils] MethodGroupsHelper.sortMethods() took 4 ms.
""2026-04-29 08:41:55 [main] INFO  org.testng.internal.Utils - [Utils] MethodGroupsHelper.collectMethodsByGroup() took 0 ms.
""2026-04-29 08:41:55 [main] INFO  org.testng.internal.Utils - [Utils] MethodGroupsHelper.sortMethods() took 0 ms.
""2026-04-29 08:41:55 [main] INFO  org.testng.internal.Utils - [Utils] MethodGroupsHelper.collectMethodsByGroup() took 0 ms.
""2026-04-29 08:41:55 [main] INFO  org.testng.internal.Utils - [Utils] MethodGroupsHelper.sortMethods() took 0 ms.
""2026-04-29 08:41:55 [main] INFO  org.testng.internal.Utils - [TestNG] Running:
  C:\Users\Aishw\AppData\Local\Temp\testng-eclipse-1035317104\testng-customsuite.xml

""2026-04-29 08:41:55 [main] INFO  org.testng.internal.Utils - [Utils] DynamicGraphHelper.createDynamicGraph() took 7 ms.
""2026-04-29 08:41:58 [main] INFO  org.testng.internal.Utils - [TestNG] Time taken by org.testng.reporters.jq.Main@2e179f3e: 83 ms
""2026-04-29 08:41:58 [main] INFO  org.testng.internal.Utils - [TestNG] Time taken by org.testng.reporters.FailedReporter@10c07b8d: 19 ms
""2026-04-29 08:41:58 [main] INFO  org.testng.internal.Utils - [TestNG] Time taken by org.testng.reporters.XMLReporter@3414a8c3: 13 ms
""2026-04-29 08:41:58 [main] INFO  org.testng.internal.Utils - [TestNG] Time taken by org.testng.reporters.EmailableReporter2@113e13f9: 15 ms
""2026-04-29 08:41:58 [main] INFO  org.testng.internal.Utils - [TestNG] Time taken by org.testng.reporters.JUnitReportReporter@124ac145: 12 ms
""2026-04-29 08:41:58 [main] INFO  org.testng.internal.Utils - [TestNG] Time taken by org.testng.internal.ExitCodeListener@2def7a7a: 0 ms
""2026-04-29 08:42:51 [main] INFO  org.testng.internal.Utils - [Utils] MethodGroupsHelper.collectMethodsByGroup() took 0 ms.
""2026-04-29 08:42:51 [main] INFO  org.testng.internal.Utils - [Utils] MethodGroupsHelper.sortMethods() took 0 ms.
""2026-04-29 08:42:51 [main] INFO  org.testng.internal.Utils - [Utils] MethodGroupsHelper.collectMethodsByGroup() took 0 ms.
""2026-04-29 08:42:51 [main] INFO  org.testng.internal.Utils - [Utils] MethodGroupsHelper.sortMethods() took 0 ms.
""2026-04-29 08:42:51 [main] INFO  org.testng.internal.Utils - [Utils] MethodGroupsHelper.collectMethodsByGroup() took 0 ms.
""2026-04-29 08:42:51 [main] INFO  org.testng.internal.Utils - [Utils] MethodGroupsHelper.sortMethods() took 0 ms.
""2026-04-29 08:42:51 [main] INFO  org.testng.internal.Utils - [Utils] MethodGroupsHelper.collectMethodsByGroup() took 0 ms.
""2026-04-29 08:42:51 [main] INFO  org.testng.internal.Utils - [Utils] MethodGroupsHelper.sortMethods() took 0 ms.
""2026-04-29 08:42:51 [main] INFO  org.testng.internal.Utils - [Utils] MethodGroupsHelper.collectMethodsByGroup() took 0 ms.
""2026-04-29 08:42:51 [main] INFO  org.testng.internal.Utils - [Utils] MethodGroupsHelper.sortMethods() took 0 ms.
""2026-04-29 08:42:51 [main] INFO  org.testng.internal.Utils - [Utils] MethodGroupsHelper.collectMethodsByGroup() took 0 ms.
""2026-04-29 08:42:51 [main] INFO  org.testng.internal.Utils - [Utils] MethodGroupsHelper.sortMethods() took 0 ms.
""2026-04-29 08:42:51 [main] INFO  org.testng.internal.Utils - [Utils] MethodGroupsHelper.collectMethodsByGroup() took 0 ms.
""2026-04-29 08:42:51 [main] INFO  org.testng.internal.Utils - [Utils] MethodGroupsHelper.sortMethods() took 0 ms.
""2026-04-29 08:42:51 [main] INFO  org.testng.internal.Utils - [Utils] MethodGroupsHelper.collectMethodsByGroup() took 0 ms.
""2026-04-29 08:42:51 [main] INFO  org.testng.internal.Utils - [Utils] MethodGroupsHelper.sortMethods() took 0 ms.
""2026-04-29 08:42:51 [main] INFO  org.testng.internal.Utils - [Utils] MethodGroupsHelper.collectMethodsByGroup() took 0 ms.
""2026-04-29 08:42:51 [main] INFO  org.testng.internal.Utils - [Utils] MethodGroupsHelper.sortMethods() took 0 ms.
""2026-04-29 08:42:51 [main] INFO  org.testng.internal.Utils - [Utils] MethodGroupsHelper.collectMethodsByGroup() took 0 ms.
""2026-04-29 08:42:51 [main] INFO  org.testng.internal.Utils - [Utils] MethodGroupsHelper.sortMethods() took 0 ms.
""2026-04-29 08:42:51 [main] INFO  org.testng.internal.Utils - [Utils] MethodGroupsHelper.collectMethodsByGroup() took 0 ms.
""2026-04-29 08:42:51 [main] INFO  org.testng.internal.Utils - [Utils] MethodGroupsHelper.sortMethods() took 0 ms.
""2026-04-29 08:42:51 [main] INFO  org.testng.internal.Utils - [Utils] MethodGroupsHelper.collectMethodsByGroup() took 0 ms.
""2026-04-29 08:42:51 [main] INFO  org.testng.internal.Utils - [Utils] MethodGroupsHelper.sortMethods() took 0 ms.
""2026-04-29 08:42:51 [main] INFO  org.testng.internal.Utils - [Utils] MethodGroupsHelper.collectMethodsByGroup() took 9 ms.
""2026-04-29 08:42:51 [main] INFO  org.testng.internal.Utils - [Utils] MethodGroupsHelper.sortMethods() took 10 ms.
""2026-04-29 08:42:51 [main] INFO  org.testng.internal.Utils - [Utils] MethodGroupsHelper.collectMethodsByGroup() took 0 ms.
""2026-04-29 08:42:51 [main] INFO  org.testng.internal.Utils - [Utils] MethodGroupsHelper.sortMethods() took 0 ms.
""2026-04-29 08:42:51 [main] INFO  org.testng.internal.Utils - [Utils] MethodGroupsHelper.collectMethodsByGroup() took 0 ms.
""2026-04-29 08:42:51 [main] INFO  org.testng.internal.Utils - [Utils] MethodGroupsHelper.sortMethods() took 0 ms.
""2026-04-29 08:42:51 [main] INFO  org.testng.internal.Utils - [TestNG] Running:
  C:\Users\Aishw\AppData\Local\Temp\testng-eclipse--307179078\testng-customsuite.xml

""2026-04-29 08:42:51 [main] INFO  org.testng.internal.Utils - [Utils] DynamicGraphHelper.createDynamicGraph() took 6 ms.
""2026-04-29 08:42:55 [main] INFO  org.testng.internal.Utils - [TestNG] Time taken by org.testng.reporters.jq.Main@17690e14: 77 ms
""2026-04-29 08:42:55 [main] INFO  org.testng.internal.Utils - [TestNG] Time taken by org.testng.reporters.FailedReporter@704641e3: 2 ms
""2026-04-29 08:42:55 [main] INFO  org.testng.internal.Utils - [TestNG] Time taken by org.testng.reporters.XMLReporter@4d3ca6c7: 11 ms
""2026-04-29 08:42:55 [main] INFO  org.testng.internal.Utils - [TestNG] Time taken by org.testng.reporters.EmailableReporter2@4195105b: 5 ms
""2026-04-29 08:42:55 [main] INFO  org.testng.internal.Utils - [TestNG] Time taken by org.testng.reporters.JUnitReportReporter@6cd5122d: 6 ms
""2026-04-29 08:42:55 [main] INFO  org.testng.internal.Utils - [TestNG] Time taken by org.testng.internal.ExitCodeListener@2c7a8af2: 0 ms
""2026-04-29 08:47:57 [main] INFO  org.testng.internal.Utils - [Utils] MethodGroupsHelper.collectMethodsByGroup() took 0 ms.
""2026-04-29 08:47:57 [main] INFO  org.testng.internal.Utils - [Utils] MethodGroupsHelper.sortMethods() took 2 ms.
""2026-04-29 08:47:57 [main] INFO  org.testng.internal.Utils - [Utils] MethodGroupsHelper.collectMethodsByGroup() took 0 ms.
""2026-04-29 08:47:57 [main] INFO  org.testng.internal.Utils - [Utils] MethodGroupsHelper.sortMethods() took 0 ms.
""2026-04-29 08:47:57 [main] INFO  org.testng.internal.Utils - [Utils] MethodGroupsHelper.collectMethodsByGroup() took 0 ms.
""2026-04-29 08:47:57 [main] INFO  org.testng.internal.Utils - [Utils] MethodGroupsHelper.sortMethods() took 0 ms.
""2026-04-29 08:47:57 [main] INFO  org.testng.internal.Utils - [Utils] MethodGroupsHelper.collectMethodsByGroup() took 0 ms.
""2026-04-29 08:47:57 [main] INFO  org.testng.internal.Utils - [Utils] MethodGroupsHelper.sortMethods() took 0 ms.
""2026-04-29 08:47:57 [main] INFO  org.testng.internal.Utils - [Utils] MethodGroupsHelper.collectMethodsByGroup() took 0 ms.
""2026-04-29 08:47:57 [main] INFO  org.testng.internal.Utils - [Utils] MethodGroupsHelper.sortMethods() took 0 ms.
""2026-04-29 08:47:57 [main] INFO  org.testng.internal.Utils - [Utils] MethodGroupsHelper.collectMethodsByGroup() took 0 ms.
""2026-04-29 08:47:57 [main] INFO  org.testng.internal.Utils - [Utils] MethodGroupsHelper.sortMethods() took 0 ms.
""2026-04-29 08:47:57 [main] INFO  org.testng.internal.Utils - [Utils] MethodGroupsHelper.collectMethodsByGroup() took 0 ms.
""2026-04-29 08:47:57 [main] INFO  org.testng.internal.Utils - [Utils] MethodGroupsHelper.sortMethods() took 0 ms.
""2026-04-29 08:47:57 [main] INFO  org.testng.internal.Utils - [Utils] MethodGroupsHelper.collectMethodsByGroup() took 0 ms.
""2026-04-29 08:47:57 [main] INFO  org.testng.internal.Utils - [Utils] MethodGroupsHelper.sortMethods() took 0 ms.
""2026-04-29 08:47:57 [main] INFO  org.testng.internal.Utils - [Utils] MethodGroupsHelper.collectMethodsByGroup() took 0 ms.
""2026-04-29 08:47:57 [main] INFO  org.testng.internal.Utils - [Utils] MethodGroupsHelper.sortMethods() took 0 ms.
""2026-04-29 08:47:57 [main] INFO  org.testng.internal.Utils - [Utils] MethodGroupsHelper.collectMethodsByGroup() took 0 ms.
""2026-04-29 08:47:57 [main] INFO  org.testng.internal.Utils - [Utils] MethodGroupsHelper.sortMethods() took 0 ms.
""2026-04-29 08:47:57 [main] INFO  org.testng.internal.Utils - [Utils] MethodGroupsHelper.collectMethodsByGroup() took 0 ms.
""2026-04-29 08:47:57 [main] INFO  org.testng.internal.Utils - [Utils] MethodGroupsHelper.sortMethods() took 0 ms.
""2026-04-29 08:47:57 [main] INFO  org.testng.internal.Utils - [Utils] MethodGroupsHelper.collectMethodsByGroup() took 0 ms.
""2026-04-29 08:47:57 [main] INFO  org.testng.internal.Utils - [Utils] MethodGroupsHelper.sortMethods() took 0 ms.
""2026-04-29 08:47:57 [main] INFO  org.testng.internal.Utils - [Utils] MethodGroupsHelper.collectMethodsByGroup() took 9 ms.
""2026-04-29 08:47:57 [main] INFO  org.testng.internal.Utils - [Utils] MethodGroupsHelper.sortMethods() took 5 ms.
""2026-04-29 08:47:57 [main] INFO  org.testng.internal.Utils - [Utils] MethodGroupsHelper.collectMethodsByGroup() took 0 ms.
""2026-04-29 08:47:57 [main] INFO  org.testng.internal.Utils - [Utils] MethodGroupsHelper.sortMethods() took 0 ms.
""2026-04-29 08:47:57 [main] INFO  org.testng.internal.Utils - [Utils] MethodGroupsHelper.collectMethodsByGroup() took 0 ms.
""2026-04-29 08:47:57 [main] INFO  org.testng.internal.Utils - [Utils] MethodGroupsHelper.sortMethods() took 0 ms.
""2026-04-29 08:47:57 [main] INFO  org.testng.internal.Utils - [TestNG] Running:
  C:\Users\Aishw\AppData\Local\Temp\testng-eclipse-1913467336\testng-customsuite.xml

""2026-04-29 08:47:57 [main] INFO  org.testng.internal.Utils - [Utils] DynamicGraphHelper.createDynamicGraph() took 6 ms.
""2026-04-29 08:48:01 [main] INFO  org.testng.internal.Utils - [TestNG] Time taken by org.testng.reporters.jq.Main@4d3ca6c7: 58 ms
""2026-04-29 08:48:01 [main] INFO  org.testng.internal.Utils - [TestNG] Time taken by org.testng.reporters.FailedReporter@6c931d35: 0 ms
""2026-04-29 08:48:01 [main] INFO  org.testng.internal.Utils - [TestNG] Time taken by org.testng.reporters.XMLReporter@47ffe971: 8 ms
""2026-04-29 08:48:01 [main] INFO  org.testng.internal.Utils - [TestNG] Time taken by org.testng.reporters.EmailableReporter2@743e66f7: 6 ms
""2026-04-29 08:48:01 [main] INFO  org.testng.internal.Utils - [TestNG] Time taken by org.testng.reporters.JUnitReportReporter@2133661d: 4 ms
""2026-04-29 08:48:01 [main] INFO  org.testng.internal.Utils - [TestNG] Time taken by org.testng.internal.ExitCodeListener@6c9320c2: 0 ms
""2026-04-29 08:49:00 [main] INFO  org.testng.internal.Utils - [Utils] MethodGroupsHelper.collectMethodsByGroup() took 0 ms.
""2026-04-29 08:49:00 [main] INFO  org.testng.internal.Utils - [Utils] MethodGroupsHelper.sortMethods() took 0 ms.
""2026-04-29 08:49:00 [main] INFO  org.testng.internal.Utils - [Utils] MethodGroupsHelper.collectMethodsByGroup() took 0 ms.
""2026-04-29 08:49:00 [main] INFO  org.testng.internal.Utils - [Utils] MethodGroupsHelper.sortMethods() took 0 ms.
""2026-04-29 08:49:00 [main] INFO  org.testng.internal.Utils - [Utils] MethodGroupsHelper.collectMethodsByGroup() took 0 ms.
""2026-04-29 08:49:00 [main] INFO  org.testng.internal.Utils - [Utils] MethodGroupsHelper.sortMethods() took 0 ms.
""2026-04-29 08:49:00 [main] INFO  org.testng.internal.Utils - [Utils] MethodGroupsHelper.collectMethodsByGroup() took 0 ms.
""2026-04-29 08:49:00 [main] INFO  org.testng.internal.Utils - [Utils] MethodGroupsHelper.sortMethods() took 0 ms.
""2026-04-29 08:49:00 [main] INFO  org.testng.internal.Utils - [Utils] MethodGroupsHelper.collectMethodsByGroup() took 0 ms.
""2026-04-29 08:49:00 [main] INFO  org.testng.internal.Utils - [Utils] MethodGroupsHelper.sortMethods() took 0 ms.
""2026-04-29 08:49:00 [main] INFO  org.testng.internal.Utils - [Utils] MethodGroupsHelper.collectMethodsByGroup() took 0 ms.
""2026-04-29 08:49:00 [main] INFO  org.testng.internal.Utils - [Utils] MethodGroupsHelper.sortMethods() took 0 ms.
""2026-04-29 08:49:00 [main] INFO  org.testng.internal.Utils - [Utils] MethodGroupsHelper.collectMethodsByGroup() took 0 ms.
""2026-04-29 08:49:00 [main] INFO  org.testng.internal.Utils - [Utils] MethodGroupsHelper.sortMethods() took 0 ms.
""2026-04-29 08:49:00 [main] INFO  org.testng.internal.Utils - [Utils] MethodGroupsHelper.collectMethodsByGroup() took 0 ms.
""2026-04-29 08:49:00 [main] INFO  org.testng.internal.Utils - [Utils] MethodGroupsHelper.sortMethods() took 0 ms.
""2026-04-29 08:49:00 [main] INFO  org.testng.internal.Utils - [Utils] MethodGroupsHelper.collectMethodsByGroup() took 0 ms.
""2026-04-29 08:49:00 [main] INFO  org.testng.internal.Utils - [Utils] MethodGroupsHelper.sortMethods() took 0 ms.
""2026-04-29 08:49:00 [main] INFO  org.testng.internal.Utils - [Utils] MethodGroupsHelper.collectMethodsByGroup() took 0 ms.
""2026-04-29 08:49:00 [main] INFO  org.testng.internal.Utils - [Utils] MethodGroupsHelper.sortMethods() took 0 ms.
""2026-04-29 08:49:00 [main] INFO  org.testng.internal.Utils - [Utils] MethodGroupsHelper.collectMethodsByGroup() took 0 ms.
""2026-04-29 08:49:00 [main] INFO  org.testng.internal.Utils - [Utils] MethodGroupsHelper.sortMethods() took 0 ms.
""2026-04-29 08:49:00 [main] INFO  org.testng.internal.Utils - [Utils] MethodGroupsHelper.collectMethodsByGroup() took 0 ms.
""2026-04-29 08:49:00 [main] INFO  org.testng.internal.Utils - [Utils] MethodGroupsHelper.sortMethods() took 0 ms.
""2026-04-29 08:49:00 [main] INFO  org.testng.internal.Utils - [Utils] MethodGroupsHelper.collectMethodsByGroup() took 6 ms.
""2026-04-29 08:49:00 [main] INFO  org.testng.internal.Utils - [Utils] MethodGroupsHelper.sortMethods() took 9 ms.
""2026-04-29 08:49:00 [main] INFO  org.testng.internal.Utils - [Utils] MethodGroupsHelper.collectMethodsByGroup() took 0 ms.
""2026-04-29 08:49:00 [main] INFO  org.testng.internal.Utils - [Utils] MethodGroupsHelper.sortMethods() took 0 ms.
""2026-04-29 08:49:00 [main] INFO  org.testng.internal.Utils - [Utils] MethodGroupsHelper.collectMethodsByGroup() took 0 ms.
""2026-04-29 08:49:00 [main] INFO  org.testng.internal.Utils - [Utils] MethodGroupsHelper.sortMethods() took 0 ms.
""2026-04-29 08:49:00 [main] INFO  org.testng.internal.Utils - [TestNG] Running:
  C:\Users\Aishw\AppData\Local\Temp\testng-eclipse-1166177702\testng-customsuite.xml

""2026-04-29 08:49:00 [main] INFO  org.testng.internal.Utils - [Utils] DynamicGraphHelper.createDynamicGraph() took 8 ms.
""2026-04-29 08:49:04 [main] INFO  org.testng.internal.Utils - [TestNG] Time taken by org.testng.reporters.jq.Main@704641e3: 51 ms
""2026-04-29 08:49:04 [main] INFO  org.testng.internal.Utils - [TestNG] Time taken by org.testng.reporters.FailedReporter@1f77b5cc: 1 ms
""2026-04-29 08:49:04 [main] INFO  org.testng.internal.Utils - [TestNG] Time taken by org.testng.reporters.XMLReporter@6c931d35: 7 ms
""2026-04-29 08:49:04 [main] INFO  org.testng.internal.Utils - [TestNG] Time taken by org.testng.reporters.EmailableReporter2@7d04529c: 7 ms
""2026-04-29 08:49:04 [main] INFO  org.testng.internal.Utils - [TestNG] Time taken by org.testng.reporters.JUnitReportReporter@720bf653: 4 ms
""2026-04-29 08:49:04 [main] INFO  org.testng.internal.Utils - [TestNG] Time taken by org.testng.internal.ExitCodeListener@360bc645: 0 ms
""2026-04-29 08:49:53 [main] INFO  org.testng.internal.Utils - [Utils] MethodGroupsHelper.collectMethodsByGroup() took 0 ms.
""2026-04-29 08:49:53 [main] INFO  org.testng.internal.Utils - [Utils] MethodGroupsHelper.sortMethods() took 2 ms.
""2026-04-29 08:49:53 [main] INFO  org.testng.internal.Utils - [Utils] MethodGroupsHelper.collectMethodsByGroup() took 0 ms.
""2026-04-29 08:49:53 [main] INFO  org.testng.internal.Utils - [Utils] MethodGroupsHelper.sortMethods() took 0 ms.
""2026-04-29 08:49:53 [main] INFO  org.testng.internal.Utils - [Utils] MethodGroupsHelper.collectMethodsByGroup() took 0 ms.
""2026-04-29 08:49:53 [main] INFO  org.testng.internal.Utils - [Utils] MethodGroupsHelper.sortMethods() took 0 ms.
""2026-04-29 08:49:53 [main] INFO  org.testng.internal.Utils - [Utils] MethodGroupsHelper.collectMethodsByGroup() took 0 ms.
""2026-04-29 08:49:53 [main] INFO  org.testng.internal.Utils - [Utils] MethodGroupsHelper.sortMethods() took 0 ms.
""2026-04-29 08:49:53 [main] INFO  org.testng.internal.Utils - [Utils] MethodGroupsHelper.collectMethodsByGroup() took 0 ms.
""2026-04-29 08:49:53 [main] INFO  org.testng.internal.Utils - [Utils] MethodGroupsHelper.sortMethods() took 0 ms.
""2026-04-29 08:49:53 [main] INFO  org.testng.internal.Utils - [Utils] MethodGroupsHelper.collectMethodsByGroup() took 0 ms.
""2026-04-29 08:49:53 [main] INFO  org.testng.internal.Utils - [Utils] MethodGroupsHelper.sortMethods() took 0 ms.
""2026-04-29 08:49:53 [main] INFO  org.testng.internal.Utils - [Utils] MethodGroupsHelper.collectMethodsByGroup() took 0 ms.
""2026-04-29 08:49:53 [main] INFO  org.testng.internal.Utils - [Utils] MethodGroupsHelper.sortMethods() took 0 ms.
""2026-04-29 08:49:53 [main] INFO  org.testng.internal.Utils - [Utils] MethodGroupsHelper.collectMethodsByGroup() took 0 ms.
""2026-04-29 08:49:53 [main] INFO  org.testng.internal.Utils - [Utils] MethodGroupsHelper.sortMethods() took 0 ms.
""2026-04-29 08:49:53 [main] INFO  org.testng.internal.Utils - [Utils] MethodGroupsHelper.collectMethodsByGroup() took 0 ms.
""2026-04-29 08:49:53 [main] INFO  org.testng.internal.Utils - [Utils] MethodGroupsHelper.sortMethods() took 0 ms.
""2026-04-29 08:49:53 [main] INFO  org.testng.internal.Utils - [Utils] MethodGroupsHelper.collectMethodsByGroup() took 0 ms.
""2026-04-29 08:49:53 [main] INFO  org.testng.internal.Utils - [Utils] MethodGroupsHelper.sortMethods() took 0 ms.
""2026-04-29 08:49:53 [main] INFO  org.testng.internal.Utils - [Utils] MethodGroupsHelper.collectMethodsByGroup() took 0 ms.
""2026-04-29 08:49:53 [main] INFO  org.testng.internal.Utils - [Utils] MethodGroupsHelper.sortMethods() took 0 ms.
""2026-04-29 08:49:53 [main] INFO  org.testng.internal.Utils - [Utils] MethodGroupsHelper.collectMethodsByGroup() took 0 ms.
""2026-04-29 08:49:53 [main] INFO  org.testng.internal.Utils - [Utils] MethodGroupsHelper.sortMethods() took 0 ms.
""2026-04-29 08:49:53 [main] INFO  org.testng.internal.Utils - [Utils] MethodGroupsHelper.collectMethodsByGroup() took 8 ms.
""2026-04-29 08:49:53 [main] INFO  org.testng.internal.Utils - [Utils] MethodGroupsHelper.sortMethods() took 6 ms.
""2026-04-29 08:49:53 [main] INFO  org.testng.internal.Utils - [Utils] MethodGroupsHelper.collectMethodsByGroup() took 0 ms.
""2026-04-29 08:49:53 [main] INFO  org.testng.internal.Utils - [Utils] MethodGroupsHelper.sortMethods() took 0 ms.
""2026-04-29 08:49:53 [main] INFO  org.testng.internal.Utils - [Utils] MethodGroupsHelper.collectMethodsByGroup() took 0 ms.
""2026-04-29 08:49:53 [main] INFO  org.testng.internal.Utils - [Utils] MethodGroupsHelper.sortMethods() took 0 ms.
""2026-04-29 08:49:53 [main] INFO  org.testng.internal.Utils - [TestNG] Running:
  C:\Users\Aishw\AppData\Local\Temp\testng-eclipse--1210769831\testng-customsuite.xml

""2026-04-29 08:49:53 [main] INFO  org.testng.internal.Utils - [Utils] DynamicGraphHelper.createDynamicGraph() took 5 ms.
""2026-04-29 08:49:57 [main] INFO  org.testng.internal.Utils - [TestNG] Time taken by org.testng.reporters.jq.Main@22e5f96e: 96 ms
""2026-04-29 08:49:57 [main] INFO  org.testng.internal.Utils - [TestNG] Time taken by org.testng.reporters.FailedReporter@44b194fe: 2 ms
""2026-04-29 08:49:57 [main] INFO  org.testng.internal.Utils - [TestNG] Time taken by org.testng.reporters.XMLReporter@7d04529c: 6 ms
""2026-04-29 08:49:57 [main] INFO  org.testng.internal.Utils - [TestNG] Time taken by org.testng.reporters.EmailableReporter2@109a2025: 6 ms
""2026-04-29 08:49:57 [main] INFO  org.testng.internal.Utils - [TestNG] Time taken by org.testng.reporters.JUnitReportReporter@6c9320c2: 7 ms
""2026-04-29 08:49:57 [main] INFO  org.testng.internal.Utils - [TestNG] Time taken by org.testng.internal.ExitCodeListener@3414a8c3: 0 ms
""2026-04-29 08:58:26 [main] INFO  org.testng.internal.Utils - [Utils] MethodGroupsHelper.collectMethodsByGroup() took 0 ms.
""2026-04-29 08:58:26 [main] INFO  org.testng.internal.Utils - [Utils] MethodGroupsHelper.sortMethods() took 1 ms.
""2026-04-29 08:58:26 [main] INFO  org.testng.internal.Utils - [Utils] MethodGroupsHelper.collectMethodsByGroup() took 0 ms.
""2026-04-29 08:58:26 [main] INFO  org.testng.internal.Utils - [Utils] MethodGroupsHelper.sortMethods() took 0 ms.
""2026-04-29 08:58:26 [main] INFO  org.testng.internal.Utils - [Utils] MethodGroupsHelper.collectMethodsByGroup() took 0 ms.
""2026-04-29 08:58:26 [main] INFO  org.testng.internal.Utils - [Utils] MethodGroupsHelper.sortMethods() took 0 ms.
""2026-04-29 08:58:26 [main] INFO  org.testng.internal.Utils - [Utils] MethodGroupsHelper.collectMethodsByGroup() took 0 ms.
""2026-04-29 08:58:26 [main] INFO  org.testng.internal.Utils - [Utils] MethodGroupsHelper.sortMethods() took 0 ms.
""2026-04-29 08:58:26 [main] INFO  org.testng.internal.Utils - [Utils] MethodGroupsHelper.collectMethodsByGroup() took 0 ms.
""2026-04-29 08:58:26 [main] INFO  org.testng.internal.Utils - [Utils] MethodGroupsHelper.sortMethods() took 0 ms.
""2026-04-29 08:58:26 [main] INFO  org.testng.internal.Utils - [Utils] MethodGroupsHelper.collectMethodsByGroup() took 0 ms.
""2026-04-29 08:58:26 [main] INFO  org.testng.internal.Utils - [Utils] MethodGroupsHelper.sortMethods() took 0 ms.
""2026-04-29 08:58:26 [main] INFO  org.testng.internal.Utils - [Utils] MethodGroupsHelper.collectMethodsByGroup() took 0 ms.
""2026-04-29 08:58:26 [main] INFO  org.testng.internal.Utils - [Utils] MethodGroupsHelper.sortMethods() took 0 ms.
""2026-04-29 08:58:26 [main] INFO  org.testng.internal.Utils - [Utils] MethodGroupsHelper.collectMethodsByGroup() took 0 ms.
""2026-04-29 08:58:26 [main] INFO  org.testng.internal.Utils - [Utils] MethodGroupsHelper.sortMethods() took 0 ms.
""2026-04-29 08:58:26 [main] INFO  org.testng.internal.Utils - [Utils] MethodGroupsHelper.collectMethodsByGroup() took 0 ms.
""2026-04-29 08:58:26 [main] INFO  org.testng.internal.Utils - [Utils] MethodGroupsHelper.sortMethods() took 0 ms.
""2026-04-29 08:58:26 [main] INFO  org.testng.internal.Utils - [Utils] MethodGroupsHelper.collectMethodsByGroup() took 0 ms.
""2026-04-29 08:58:26 [main] INFO  org.testng.internal.Utils - [Utils] MethodGroupsHelper.sortMethods() took 0 ms.
""2026-04-29 08:58:26 [main] INFO  org.testng.internal.Utils - [Utils] MethodGroupsHelper.collectMethodsByGroup() took 0 ms.
""2026-04-29 08:58:26 [main] INFO  org.testng.internal.Utils - [Utils] MethodGroupsHelper.sortMethods() took 0 ms.
""2026-04-29 08:58:26 [main] INFO  org.testng.internal.Utils - [Utils] MethodGroupsHelper.collectMethodsByGroup() took 0 ms.
""2026-04-29 08:58:26 [main] INFO  org.testng.internal.Utils - [Utils] MethodGroupsHelper.sortMethods() took 0 ms.
""2026-04-29 08:58:26 [main] INFO  org.testng.internal.Utils - [Utils] MethodGroupsHelper.collectMethodsByGroup() took 9 ms.
""2026-04-29 08:58:26 [main] INFO  org.testng.internal.Utils - [Utils] MethodGroupsHelper.sortMethods() took 5 ms.
""2026-04-29 08:58:26 [main] INFO  org.testng.internal.Utils - [Utils] MethodGroupsHelper.collectMethodsByGroup() took 0 ms.
""2026-04-29 08:58:26 [main] INFO  org.testng.internal.Utils - [Utils] MethodGroupsHelper.sortMethods() took 0 ms.
""2026-04-29 08:58:26 [main] INFO  org.testng.internal.Utils - [Utils] MethodGroupsHelper.collectMethodsByGroup() took 0 ms.
""2026-04-29 08:58:26 [main] INFO  org.testng.internal.Utils - [Utils] MethodGroupsHelper.sortMethods() took 0 ms.
""2026-04-29 08:58:26 [main] INFO  org.testng.internal.Utils - [TestNG] Running:
  C:\Users\Aishw\AppData\Local\Temp\testng-eclipse--1474923759\testng-customsuite.xml

""2026-04-29 08:58:26 [main] INFO  org.testng.internal.Utils - [Utils] DynamicGraphHelper.createDynamicGraph() took 3 ms.
""2026-04-29 08:58:29 [main] INFO  org.testng.internal.Utils - [TestNG] Time taken by org.testng.reporters.jq.Main@6a638c79: 39 ms
""2026-04-29 08:58:29 [main] INFO  org.testng.internal.Utils - [TestNG] Time taken by org.testng.reporters.FailedReporter@49122b8f: 1 ms
""2026-04-29 08:58:29 [main] INFO  org.testng.internal.Utils - [TestNG] Time taken by org.testng.reporters.XMLReporter@14fa92af: 5 ms
""2026-04-29 08:58:29 [main] INFO  org.testng.internal.Utils - [TestNG] Time taken by org.testng.reporters.EmailableReporter2@2241f05b: 6 ms
""2026-04-29 08:58:29 [main] INFO  org.testng.internal.Utils - [TestNG] Time taken by org.testng.reporters.JUnitReportReporter@3414a8c3: 5 ms
""2026-04-29 08:58:29 [main] INFO  org.testng.internal.Utils - [TestNG] Time taken by org.testng.internal.ExitCodeListener@36cc9385: 0 ms
""2026-04-29 22:59:36 [main] INFO  org.testng.internal.Utils - [Utils] MethodGroupsHelper.collectMethodsByGroup() took 5 ms.
""2026-04-29 22:59:36 [main] INFO  org.testng.internal.Utils - [Utils] MethodGroupsHelper.sortMethods() took 8 ms.
""2026-04-29 22:59:36 [main] INFO  org.testng.internal.Utils - [Utils] MethodGroupsHelper.collectMethodsByGroup() took 0 ms.
""2026-04-29 22:59:36 [main] INFO  org.testng.internal.Utils - [Utils] MethodGroupsHelper.sortMethods() took 0 ms.
""2026-04-29 22:59:36 [main] INFO  org.testng.internal.Utils - [Utils] MethodGroupsHelper.collectMethodsByGroup() took 0 ms.
""2026-04-29 22:59:36 [main] INFO  org.testng.internal.Utils - [Utils] MethodGroupsHelper.sortMethods() took 0 ms.
""2026-04-29 22:59:36 [main] INFO  org.testng.internal.Utils - [Utils] MethodGroupsHelper.collectMethodsByGroup() took 0 ms.
""2026-04-29 22:59:36 [main] INFO  org.testng.internal.Utils - [Utils] MethodGroupsHelper.sortMethods() took 0 ms.
""2026-04-29 22:59:36 [main] INFO  org.testng.internal.Utils - [Utils] MethodGroupsHelper.collectMethodsByGroup() took 0 ms.
""2026-04-29 22:59:36 [main] INFO  org.testng.internal.Utils - [Utils] MethodGroupsHelper.sortMethods() took 0 ms.
""2026-04-29 22:59:36 [main] INFO  org.testng.internal.Utils - [Utils] MethodGroupsHelper.collectMethodsByGroup() took 0 ms.
""2026-04-29 22:59:36 [main] INFO  org.testng.internal.Utils - [Utils] MethodGroupsHelper.sortMethods() took 0 ms.
""2026-04-29 22:59:36 [main] INFO  org.testng.internal.Utils - [Utils] MethodGroupsHelper.collectMethodsByGroup() took 0 ms.
""2026-04-29 22:59:36 [main] INFO  org.testng.internal.Utils - [Utils] MethodGroupsHelper.sortMethods() took 0 ms.
""2026-04-29 22:59:36 [main] INFO  org.testng.internal.Utils - [Utils] MethodGroupsHelper.collectMethodsByGroup() took 0 ms.
""2026-04-29 22:59:36 [main] INFO  org.testng.internal.Utils - [Utils] MethodGroupsHelper.sortMethods() took 0 ms.
""2026-04-29 22:59:36 [main] INFO  org.testng.internal.Utils - [Utils] MethodGroupsHelper.collectMethodsByGroup() took 0 ms.
""2026-04-29 22:59:36 [main] INFO  org.testng.internal.Utils - [Utils] MethodGroupsHelper.sortMethods() took 0 ms.
""2026-04-29 22:59:36 [main] INFO  org.testng.internal.Utils - [Utils] MethodGroupsHelper.collectMethodsByGroup() took 0 ms.
""2026-04-29 22:59:36 [main] INFO  org.testng.internal.Utils - [Utils] MethodGroupsHelper.sortMethods() took 0 ms.
""2026-04-29 22:59:36 [main] INFO  org.testng.internal.Utils - [Utils] MethodGroupsHelper.collectMethodsByGroup() took 0 ms.
""2026-04-29 22:59:36 [main] INFO  org.testng.internal.Utils - [Utils] MethodGroupsHelper.sortMethods() took 0 ms.
""2026-04-29 22:59:36 [main] INFO  org.testng.internal.Utils - [Utils] MethodGroupsHelper.collectMethodsByGroup() took 0 ms.
""2026-04-29 22:59:36 [main] INFO  org.testng.internal.Utils - [Utils] MethodGroupsHelper.sortMethods() took 0 ms.
""2026-04-29 22:59:36 [main] INFO  org.testng.internal.Utils - [Utils] MethodGroupsHelper.collectMethodsByGroup() took 0 ms.
""2026-04-29 22:59:36 [main] INFO  org.testng.internal.Utils - [Utils] MethodGroupsHelper.sortMethods() took 0 ms.
""2026-04-29 22:59:36 [main] INFO  org.testng.internal.Utils - [Utils] MethodGroupsHelper.collectMethodsByGroup() took 0 ms.
""2026-04-29 22:59:36 [main] INFO  org.testng.internal.Utils - [Utils] MethodGroupsHelper.sortMethods() took 0 ms.
""2026-04-29 22:59:36 [main] INFO  org.testng.internal.Utils - [Utils] MethodGroupsHelper.collectMethodsByGroup() took 0 ms.
""2026-04-29 22:59:36 [main] INFO  org.testng.internal.Utils - [Utils] MethodGroupsHelper.sortMethods() took 0 ms.
""2026-04-29 22:59:36 [main] INFO  org.testng.internal.Utils - [TestNG] Running:
  C:\Users\Aishw\AppData\Local\Temp\testng-eclipse-1000054024\testng-customsuite.xml

""2026-04-29 22:59:36 [main] INFO  org.testng.internal.Utils - [Utils] DynamicGraphHelper.createDynamicGraph() took 2 ms.
""2026-04-29 22:59:43 [main] INFO  org.testng.internal.Utils - [TestNG] Time taken by org.testng.reporters.jq.Main@7b6e5c12: 58 ms
""2026-04-29 22:59:43 [main] INFO  org.testng.internal.Utils - [TestNG] Time taken by org.testng.reporters.FailedReporter@2def7a7a: 1 ms
""2026-04-29 22:59:43 [main] INFO  org.testng.internal.Utils - [TestNG] Time taken by org.testng.reporters.XMLReporter@65c33b92: 9 ms
""2026-04-29 22:59:43 [main] INFO  org.testng.internal.Utils - [TestNG] Time taken by org.testng.reporters.EmailableReporter2@672b72ba: 3 ms
""2026-04-29 22:59:43 [main] INFO  org.testng.internal.Utils - [TestNG] Time taken by org.testng.reporters.JUnitReportReporter@44bd4b0a: 2 ms
""2026-04-29 22:59:43 [main] INFO  org.testng.internal.Utils - [TestNG] Time taken by org.testng.internal.ExitCodeListener@6c008c24: 0 ms
""2026-04-29 23:07:38 [main] INFO  org.testng.internal.Utils - [Utils] MethodGroupsHelper.collectMethodsByGroup() took 5 ms.
""2026-04-29 23:07:38 [main] INFO  org.testng.internal.Utils - [Utils] MethodGroupsHelper.sortMethods() took 9 ms.
""2026-04-29 23:07:38 [main] INFO  org.testng.internal.Utils - [Utils] MethodGroupsHelper.collectMethodsByGroup() took 0 ms.
""2026-04-29 23:07:38 [main] INFO  org.testng.internal.Utils - [Utils] MethodGroupsHelper.sortMethods() took 1 ms.
""2026-04-29 23:07:38 [main] INFO  org.testng.internal.Utils - [Utils] MethodGroupsHelper.collectMethodsByGroup() took 0 ms.
""2026-04-29 23:07:38 [main] INFO  org.testng.internal.Utils - [Utils] MethodGroupsHelper.sortMethods() took 0 ms.
""2026-04-29 23:07:38 [main] INFO  org.testng.internal.Utils - [Utils] MethodGroupsHelper.collectMethodsByGroup() took 0 ms.
""2026-04-29 23:07:38 [main] INFO  org.testng.internal.Utils - [Utils] MethodGroupsHelper.sortMethods() took 0 ms.
""2026-04-29 23:07:38 [main] INFO  org.testng.internal.Utils - [Utils] MethodGroupsHelper.collectMethodsByGroup() took 0 ms.
""2026-04-29 23:07:38 [main] INFO  org.testng.internal.Utils - [Utils] MethodGroupsHelper.sortMethods() took 0 ms.
""2026-04-29 23:07:38 [main] INFO  org.testng.internal.Utils - [Utils] MethodGroupsHelper.collectMethodsByGroup() took 0 ms.
""2026-04-29 23:07:38 [main] INFO  org.testng.internal.Utils - [Utils] MethodGroupsHelper.sortMethods() took 0 ms.
""2026-04-29 23:07:38 [main] INFO  org.testng.internal.Utils - [Utils] MethodGroupsHelper.collectMethodsByGroup() took 0 ms.
""2026-04-29 23:07:38 [main] INFO  org.testng.internal.Utils - [Utils] MethodGroupsHelper.sortMethods() took 0 ms.
""2026-04-29 23:07:38 [main] INFO  org.testng.internal.Utils - [Utils] MethodGroupsHelper.collectMethodsByGroup() took 0 ms.
""2026-04-29 23:07:38 [main] INFO  org.testng.internal.Utils - [Utils] MethodGroupsHelper.sortMethods() took 0 ms.
""2026-04-29 23:07:38 [main] INFO  org.testng.internal.Utils - [Utils] MethodGroupsHelper.collectMethodsByGroup() took 1 ms.
""2026-04-29 23:07:38 [main] INFO  org.testng.internal.Utils - [Utils] MethodGroupsHelper.sortMethods() took 0 ms.
""2026-04-29 23:07:38 [main] INFO  org.testng.internal.Utils - [Utils] MethodGroupsHelper.collectMethodsByGroup() took 1 ms.
""2026-04-29 23:07:38 [main] INFO  org.testng.internal.Utils - [Utils] MethodGroupsHelper.sortMethods() took 0 ms.
""2026-04-29 23:07:38 [main] INFO  org.testng.internal.Utils - [Utils] MethodGroupsHelper.collectMethodsByGroup() took 0 ms.
""2026-04-29 23:07:38 [main] INFO  org.testng.internal.Utils - [Utils] MethodGroupsHelper.sortMethods() took 1 ms.
""2026-04-29 23:07:38 [main] INFO  org.testng.internal.Utils - [Utils] MethodGroupsHelper.collectMethodsByGroup() took 0 ms.
""2026-04-29 23:07:38 [main] INFO  org.testng.internal.Utils - [Utils] MethodGroupsHelper.sortMethods() took 0 ms.
""2026-04-29 23:07:38 [main] INFO  org.testng.internal.Utils - [Utils] MethodGroupsHelper.collectMethodsByGroup() took 0 ms.
""2026-04-29 23:07:38 [main] INFO  org.testng.internal.Utils - [Utils] MethodGroupsHelper.sortMethods() took 3 ms.
""2026-04-29 23:07:38 [main] INFO  org.testng.internal.Utils - [Utils] MethodGroupsHelper.collectMethodsByGroup() took 0 ms.
""2026-04-29 23:07:38 [main] INFO  org.testng.internal.Utils - [Utils] MethodGroupsHelper.sortMethods() took 0 ms.
""2026-04-29 23:07:38 [main] INFO  org.testng.internal.Utils - [Utils] MethodGroupsHelper.collectMethodsByGroup() took 1 ms.
""2026-04-29 23:07:38 [main] INFO  org.testng.internal.Utils - [Utils] MethodGroupsHelper.sortMethods() took 0 ms.
""2026-04-29 23:07:38 [main] INFO  org.testng.internal.Utils - [TestNG] Running:
  C:\Users\Aishw\AppData\Local\Temp\testng-eclipse--368796075\testng-customsuite.xml

""2026-04-29 23:07:38 [main] INFO  org.testng.internal.Utils - [Utils] DynamicGraphHelper.createDynamicGraph() took 2 ms.
""2026-04-29 23:07:49 [main] INFO  org.testng.internal.Utils - [TestNG] Time taken by org.testng.reporters.jq.Main@50850539: 43 ms
""2026-04-29 23:07:49 [main] INFO  org.testng.internal.Utils - [TestNG] Time taken by org.testng.reporters.FailedReporter@328d044f: 13 ms
""2026-04-29 23:07:49 [main] INFO  org.testng.internal.Utils - [TestNG] Time taken by org.testng.reporters.XMLReporter@6342d610: 6 ms
""2026-04-29 23:07:49 [main] INFO  org.testng.internal.Utils - [TestNG] Time taken by org.testng.reporters.EmailableReporter2@3cd9aa64: 6 ms
""2026-04-29 23:07:49 [main] INFO  org.testng.internal.Utils - [TestNG] Time taken by org.testng.reporters.JUnitReportReporter@27d33393: 7 ms
""2026-04-29 23:07:49 [main] INFO  org.testng.internal.Utils - [TestNG] Time taken by org.testng.internal.ExitCodeListener@1f6917fb: 0 ms
""2026-04-29 23:11:27 [main] INFO  org.testng.internal.Utils - [Utils] MethodGroupsHelper.collectMethodsByGroup() took 3 ms.
""2026-04-29 23:11:27 [main] INFO  org.testng.internal.Utils - [Utils] MethodGroupsHelper.sortMethods() took 7 ms.
""2026-04-29 23:11:27 [main] INFO  org.testng.internal.Utils - [Utils] MethodGroupsHelper.collectMethodsByGroup() took 0 ms.
""2026-04-29 23:11:27 [main] INFO  org.testng.internal.Utils - [Utils] MethodGroupsHelper.sortMethods() took 1 ms.
""2026-04-29 23:11:27 [main] INFO  org.testng.internal.Utils - [Utils] MethodGroupsHelper.collectMethodsByGroup() took 0 ms.
""2026-04-29 23:11:27 [main] INFO  org.testng.internal.Utils - [Utils] MethodGroupsHelper.sortMethods() took 0 ms.
""2026-04-29 23:11:27 [main] INFO  org.testng.internal.Utils - [Utils] MethodGroupsHelper.collectMethodsByGroup() took 0 ms.
""2026-04-29 23:11:27 [main] INFO  org.testng.internal.Utils - [Utils] MethodGroupsHelper.sortMethods() took 0 ms.
""2026-04-29 23:11:27 [main] INFO  org.testng.internal.Utils - [Utils] MethodGroupsHelper.collectMethodsByGroup() took 0 ms.
""2026-04-29 23:11:27 [main] INFO  org.testng.internal.Utils - [Utils] MethodGroupsHelper.sortMethods() took 0 ms.
""2026-04-29 23:11:27 [main] INFO  org.testng.internal.Utils - [Utils] MethodGroupsHelper.collectMethodsByGroup() took 0 ms.
""2026-04-29 23:11:27 [main] INFO  org.testng.internal.Utils - [Utils] MethodGroupsHelper.sortMethods() took 0 ms.
""2026-04-29 23:11:27 [main] INFO  org.testng.internal.Utils - [Utils] MethodGroupsHelper.collectMethodsByGroup() took 0 ms.
""2026-04-29 23:11:27 [main] INFO  org.testng.internal.Utils - [Utils] MethodGroupsHelper.sortMethods() took 0 ms.
""2026-04-29 23:11:27 [main] INFO  org.testng.internal.Utils - [Utils] MethodGroupsHelper.collectMethodsByGroup() took 0 ms.
""2026-04-29 23:11:27 [main] INFO  org.testng.internal.Utils - [Utils] MethodGroupsHelper.sortMethods() took 0 ms.
""2026-04-29 23:11:27 [main] INFO  org.testng.internal.Utils - [Utils] MethodGroupsHelper.collectMethodsByGroup() took 0 ms.
""2026-04-29 23:11:27 [main] INFO  org.testng.internal.Utils - [Utils] MethodGroupsHelper.sortMethods() took 1 ms.
""2026-04-29 23:11:27 [main] INFO  org.testng.internal.Utils - [Utils] MethodGroupsHelper.collectMethodsByGroup() took 0 ms.
""2026-04-29 23:11:27 [main] INFO  org.testng.internal.Utils - [Utils] MethodGroupsHelper.sortMethods() took 0 ms.
""2026-04-29 23:11:27 [main] INFO  org.testng.internal.Utils - [Utils] MethodGroupsHelper.collectMethodsByGroup() took 0 ms.
""2026-04-29 23:11:27 [main] INFO  org.testng.internal.Utils - [Utils] MethodGroupsHelper.sortMethods() took 0 ms.
""2026-04-29 23:11:27 [main] INFO  org.testng.internal.Utils - [Utils] MethodGroupsHelper.collectMethodsByGroup() took 0 ms.
""2026-04-29 23:11:27 [main] INFO  org.testng.internal.Utils - [Utils] MethodGroupsHelper.sortMethods() took 0 ms.
""2026-04-29 23:11:27 [main] INFO  org.testng.internal.Utils - [Utils] MethodGroupsHelper.collectMethodsByGroup() took 0 ms.
""2026-04-29 23:11:27 [main] INFO  org.testng.internal.Utils - [Utils] MethodGroupsHelper.sortMethods() took 3 ms.
""2026-04-29 23:11:27 [main] INFO  org.testng.internal.Utils - [Utils] MethodGroupsHelper.collectMethodsByGroup() took 0 ms.
""2026-04-29 23:11:27 [main] INFO  org.testng.internal.Utils - [Utils] MethodGroupsHelper.sortMethods() took 0 ms.
""2026-04-29 23:11:27 [main] INFO  org.testng.internal.Utils - [Utils] MethodGroupsHelper.collectMethodsByGroup() took 0 ms.
""2026-04-29 23:11:27 [main] INFO  org.testng.internal.Utils - [Utils] MethodGroupsHelper.sortMethods() took 0 ms.
""2026-04-29 23:11:27 [main] INFO  org.testng.internal.Utils - [TestNG] Running:
  C:\Users\Aishw\AppData\Local\Temp\testng-eclipse-1212642853\testng-customsuite.xml

""2026-04-29 23:11:27 [main] INFO  org.testng.internal.Utils - [Utils] DynamicGraphHelper.createDynamicGraph() took 2 ms.
""2026-04-29 23:11:38 [main] INFO  org.testng.internal.Utils - [TestNG] Time taken by org.testng.reporters.jq.Main@50850539: 41 ms
""2026-04-29 23:11:38 [main] INFO  org.testng.internal.Utils - [TestNG] Time taken by org.testng.reporters.FailedReporter@328d044f: 11 ms
""2026-04-29 23:11:38 [main] INFO  org.testng.internal.Utils - [TestNG] Time taken by org.testng.reporters.XMLReporter@6342d610: 7 ms
""2026-04-29 23:11:38 [main] INFO  org.testng.internal.Utils - [TestNG] Time taken by org.testng.reporters.EmailableReporter2@3cd9aa64: 10 ms
""2026-04-29 23:11:38 [main] INFO  org.testng.internal.Utils - [TestNG] Time taken by org.testng.reporters.JUnitReportReporter@27d33393: 5 ms
""2026-04-29 23:11:38 [main] INFO  org.testng.internal.Utils - [TestNG] Time taken by org.testng.internal.ExitCodeListener@1f6917fb: 1 ms
""2026-04-29 23:14:48 [main] INFO  org.testng.internal.Utils - [Utils] MethodGroupsHelper.collectMethodsByGroup() took 4 ms.
""2026-04-29 23:14:48 [main] INFO  org.testng.internal.Utils - [Utils] MethodGroupsHelper.sortMethods() took 7 ms.
""2026-04-29 23:14:48 [main] INFO  org.testng.internal.Utils - [Utils] MethodGroupsHelper.collectMethodsByGroup() took 1 ms.
""2026-04-29 23:14:48 [main] INFO  org.testng.internal.Utils - [Utils] MethodGroupsHelper.sortMethods() took 0 ms.
""2026-04-29 23:14:48 [main] INFO  org.testng.internal.Utils - [Utils] MethodGroupsHelper.collectMethodsByGroup() took 0 ms.
""2026-04-29 23:14:48 [main] INFO  org.testng.internal.Utils - [Utils] MethodGroupsHelper.sortMethods() took 0 ms.
""2026-04-29 23:14:48 [main] INFO  org.testng.internal.Utils - [Utils] MethodGroupsHelper.collectMethodsByGroup() took 0 ms.
""2026-04-29 23:14:48 [main] INFO  org.testng.internal.Utils - [Utils] MethodGroupsHelper.sortMethods() took 0 ms.
""2026-04-29 23:14:48 [main] INFO  org.testng.internal.Utils - [Utils] MethodGroupsHelper.collectMethodsByGroup() took 0 ms.
""2026-04-29 23:14:48 [main] INFO  org.testng.internal.Utils - [Utils] MethodGroupsHelper.sortMethods() took 0 ms.
""2026-04-29 23:14:48 [main] INFO  org.testng.internal.Utils - [Utils] MethodGroupsHelper.collectMethodsByGroup() took 0 ms.
""2026-04-29 23:14:48 [main] INFO  org.testng.internal.Utils - [Utils] MethodGroupsHelper.sortMethods() took 0 ms.
""2026-04-29 23:14:48 [main] INFO  org.testng.internal.Utils - [Utils] MethodGroupsHelper.collectMethodsByGroup() took 0 ms.
""2026-04-29 23:14:48 [main] INFO  org.testng.internal.Utils - [Utils] MethodGroupsHelper.sortMethods() took 0 ms.
""2026-04-29 23:14:48 [main] INFO  org.testng.internal.Utils - [Utils] MethodGroupsHelper.collectMethodsByGroup() took 0 ms.
""2026-04-29 23:14:48 [main] INFO  org.testng.internal.Utils - [Utils] MethodGroupsHelper.sortMethods() took 0 ms.
""2026-04-29 23:14:48 [main] INFO  org.testng.internal.Utils - [Utils] MethodGroupsHelper.collectMethodsByGroup() took 0 ms.
""2026-04-29 23:14:48 [main] INFO  org.testng.internal.Utils - [Utils] MethodGroupsHelper.sortMethods() took 0 ms.
""2026-04-29 23:14:48 [main] INFO  org.testng.internal.Utils - [Utils] MethodGroupsHelper.collectMethodsByGroup() took 0 ms.
""2026-04-29 23:14:48 [main] INFO  org.testng.internal.Utils - [Utils] MethodGroupsHelper.sortMethods() took 0 ms.
""2026-04-29 23:14:48 [main] INFO  org.testng.internal.Utils - [Utils] MethodGroupsHelper.collectMethodsByGroup() took 0 ms.
""2026-04-29 23:14:48 [main] INFO  org.testng.internal.Utils - [Utils] MethodGroupsHelper.sortMethods() took 1 ms.
""2026-04-29 23:14:48 [main] INFO  org.testng.internal.Utils - [Utils] MethodGroupsHelper.collectMethodsByGroup() took 0 ms.
""2026-04-29 23:14:48 [main] INFO  org.testng.internal.Utils - [Utils] MethodGroupsHelper.sortMethods() took 0 ms.
""2026-04-29 23:14:48 [main] INFO  org.testng.internal.Utils - [Utils] MethodGroupsHelper.collectMethodsByGroup() took 0 ms.
""2026-04-29 23:14:48 [main] INFO  org.testng.internal.Utils - [Utils] MethodGroupsHelper.sortMethods() took 4 ms.
""2026-04-29 23:14:48 [main] INFO  org.testng.internal.Utils - [Utils] MethodGroupsHelper.collectMethodsByGroup() took 0 ms.
""2026-04-29 23:14:48 [main] INFO  org.testng.internal.Utils - [Utils] MethodGroupsHelper.sortMethods() took 0 ms.
""2026-04-29 23:14:48 [main] INFO  org.testng.internal.Utils - [Utils] MethodGroupsHelper.collectMethodsByGroup() took 1 ms.
""2026-04-29 23:14:48 [main] INFO  org.testng.internal.Utils - [Utils] MethodGroupsHelper.sortMethods() took 0 ms.
""2026-04-29 23:14:48 [main] INFO  org.testng.internal.Utils - [TestNG] Running:
  C:\Users\Aishw\AppData\Local\Temp\testng-eclipse-295910462\testng-customsuite.xml

""2026-04-29 23:14:49 [main] INFO  org.testng.internal.Utils - [Utils] DynamicGraphHelper.createDynamicGraph() took 2 ms.
""2026-04-29 23:15:00 [main] INFO  org.testng.internal.Utils - [TestNG] Time taken by org.testng.reporters.jq.Main@467b684d: 50 ms
""2026-04-29 23:15:00 [main] INFO  org.testng.internal.Utils - [TestNG] Time taken by org.testng.reporters.FailedReporter@611a990b: 1 ms
""2026-04-29 23:15:00 [main] INFO  org.testng.internal.Utils - [TestNG] Time taken by org.testng.reporters.XMLReporter@5fcfde70: 9 ms
""2026-04-29 23:15:00 [main] INFO  org.testng.internal.Utils - [TestNG] Time taken by org.testng.reporters.EmailableReporter2@b52b755: 5 ms
""2026-04-29 23:15:00 [main] INFO  org.testng.internal.Utils - [TestNG] Time taken by org.testng.reporters.JUnitReportReporter@56da7487: 4 ms
""2026-04-29 23:15:00 [main] INFO  org.testng.internal.Utils - [TestNG] Time taken by org.testng.internal.ExitCodeListener@599e4d41: 0 ms
""2026-04-29 23:16:10 [main] INFO  org.testng.internal.Utils - [Utils] MethodGroupsHelper.collectMethodsByGroup() took 3 ms.
""2026-04-29 23:16:10 [main] INFO  org.testng.internal.Utils - [Utils] MethodGroupsHelper.sortMethods() took 6 ms.
""2026-04-29 23:16:10 [main] INFO  org.testng.internal.Utils - [Utils] MethodGroupsHelper.collectMethodsByGroup() took 0 ms.
""2026-04-29 23:16:10 [main] INFO  org.testng.internal.Utils - [Utils] MethodGroupsHelper.sortMethods() took 0 ms.
""2026-04-29 23:16:10 [main] INFO  org.testng.internal.Utils - [Utils] MethodGroupsHelper.collectMethodsByGroup() took 0 ms.
""2026-04-29 23:16:10 [main] INFO  org.testng.internal.Utils - [Utils] MethodGroupsHelper.sortMethods() took 0 ms.
""2026-04-29 23:16:10 [main] INFO  org.testng.internal.Utils - [Utils] MethodGroupsHelper.collectMethodsByGroup() took 0 ms.
""2026-04-29 23:16:10 [main] INFO  org.testng.internal.Utils - [Utils] MethodGroupsHelper.sortMethods() took 0 ms.
""2026-04-29 23:16:10 [main] INFO  org.testng.internal.Utils - [Utils] MethodGroupsHelper.collectMethodsByGroup() took 0 ms.
""2026-04-29 23:16:10 [main] INFO  org.testng.internal.Utils - [Utils] MethodGroupsHelper.sortMethods() took 0 ms.
""2026-04-29 23:16:10 [main] INFO  org.testng.internal.Utils - [Utils] MethodGroupsHelper.collectMethodsByGroup() took 0 ms.
""2026-04-29 23:16:10 [main] INFO  org.testng.internal.Utils - [Utils] MethodGroupsHelper.sortMethods() took 0 ms.
""2026-04-29 23:16:10 [main] INFO  org.testng.internal.Utils - [Utils] MethodGroupsHelper.collectMethodsByGroup() took 0 ms.
""2026-04-29 23:16:10 [main] INFO  org.testng.internal.Utils - [Utils] MethodGroupsHelper.sortMethods() took 0 ms.
""2026-04-29 23:16:10 [main] INFO  org.testng.internal.Utils - [Utils] MethodGroupsHelper.collectMethodsByGroup() took 0 ms.
""2026-04-29 23:16:10 [main] INFO  org.testng.internal.Utils - [Utils] MethodGroupsHelper.sortMethods() took 0 ms.
""2026-04-29 23:16:10 [main] INFO  org.testng.internal.Utils - [Utils] MethodGroupsHelper.collectMethodsByGroup() took 0 ms.
""2026-04-29 23:16:10 [main] INFO  org.testng.internal.Utils - [Utils] MethodGroupsHelper.sortMethods() took 0 ms.
""2026-04-29 23:16:10 [main] INFO  org.testng.internal.Utils - [Utils] MethodGroupsHelper.collectMethodsByGroup() took 0 ms.
""2026-04-29 23:16:10 [main] INFO  org.testng.internal.Utils - [Utils] MethodGroupsHelper.sortMethods() took 0 ms.
""2026-04-29 23:16:10 [main] INFO  org.testng.internal.Utils - [Utils] MethodGroupsHelper.collectMethodsByGroup() took 0 ms.
""2026-04-29 23:16:10 [main] INFO  org.testng.internal.Utils - [Utils] MethodGroupsHelper.sortMethods() took 0 ms.
""2026-04-29 23:16:10 [main] INFO  org.testng.internal.Utils - [Utils] MethodGroupsHelper.collectMethodsByGroup() took 0 ms.
""2026-04-29 23:16:10 [main] INFO  org.testng.internal.Utils - [Utils] MethodGroupsHelper.sortMethods() took 0 ms.
""2026-04-29 23:16:10 [main] INFO  org.testng.internal.Utils - [Utils] MethodGroupsHelper.collectMethodsByGroup() took 1 ms.
""2026-04-29 23:16:10 [main] INFO  org.testng.internal.Utils - [Utils] MethodGroupsHelper.sortMethods() took 3 ms.
""2026-04-29 23:16:10 [main] INFO  org.testng.internal.Utils - [Utils] MethodGroupsHelper.collectMethodsByGroup() took 0 ms.
""2026-04-29 23:16:10 [main] INFO  org.testng.internal.Utils - [Utils] MethodGroupsHelper.sortMethods() took 0 ms.
""2026-04-29 23:16:10 [main] INFO  org.testng.internal.Utils - [Utils] MethodGroupsHelper.collectMethodsByGroup() took 0 ms.
""2026-04-29 23:16:10 [main] INFO  org.testng.internal.Utils - [Utils] MethodGroupsHelper.sortMethods() took 0 ms.
""2026-04-29 23:16:10 [main] INFO  org.testng.internal.Utils - [TestNG] Running:
  C:\Users\Aishw\AppData\Local\Temp\testng-eclipse-1244791551\testng-customsuite.xml

""2026-04-29 23:16:10 [main] INFO  org.testng.internal.Utils - [Utils] DynamicGraphHelper.createDynamicGraph() took 2 ms.
""2026-04-29 23:16:21 [main] INFO  org.testng.internal.Utils - [TestNG] Time taken by org.testng.reporters.jq.Main@6e0c6a7a: 44 ms
""2026-04-29 23:16:21 [main] INFO  org.testng.internal.Utils - [TestNG] Time taken by org.testng.reporters.FailedReporter@6cc86152: 1 ms
""2026-04-29 23:16:21 [main] INFO  org.testng.internal.Utils - [TestNG] Time taken by org.testng.reporters.XMLReporter@44536de4: 7 ms
""2026-04-29 23:16:21 [main] INFO  org.testng.internal.Utils - [TestNG] Time taken by org.testng.reporters.EmailableReporter2@5a6d30e2: 4 ms
""2026-04-29 23:16:21 [main] INFO  org.testng.internal.Utils - [TestNG] Time taken by org.testng.reporters.JUnitReportReporter@70887727: 2 ms
""2026-04-29 23:16:21 [main] INFO  org.testng.internal.Utils - [TestNG] Time taken by org.testng.internal.ExitCodeListener@56da7487: 0 ms
""2026-04-29 23:17:04 [main] INFO  org.testng.internal.Utils - [Utils] MethodGroupsHelper.collectMethodsByGroup() took 4 ms.
""2026-04-29 23:17:04 [main] INFO  org.testng.internal.Utils - [Utils] MethodGroupsHelper.sortMethods() took 6 ms.
""2026-04-29 23:17:04 [main] INFO  org.testng.internal.Utils - [Utils] MethodGroupsHelper.collectMethodsByGroup() took 0 ms.
""2026-04-29 23:17:04 [main] INFO  org.testng.internal.Utils - [Utils] MethodGroupsHelper.sortMethods() took 0 ms.
""2026-04-29 23:17:04 [main] INFO  org.testng.internal.Utils - [Utils] MethodGroupsHelper.collectMethodsByGroup() took 0 ms.
""2026-04-29 23:17:04 [main] INFO  org.testng.internal.Utils - [Utils] MethodGroupsHelper.sortMethods() took 0 ms.
""2026-04-29 23:17:04 [main] INFO  org.testng.internal.Utils - [Utils] MethodGroupsHelper.collectMethodsByGroup() took 0 ms.
""2026-04-29 23:17:04 [main] INFO  org.testng.internal.Utils - [Utils] MethodGroupsHelper.sortMethods() took 0 ms.
""2026-04-29 23:17:04 [main] INFO  org.testng.internal.Utils - [Utils] MethodGroupsHelper.collectMethodsByGroup() took 0 ms.
""2026-04-29 23:17:04 [main] INFO  org.testng.internal.Utils - [Utils] MethodGroupsHelper.sortMethods() took 0 ms.
""2026-04-29 23:17:04 [main] INFO  org.testng.internal.Utils - [Utils] MethodGroupsHelper.collectMethodsByGroup() took 0 ms.
""2026-04-29 23:17:04 [main] INFO  org.testng.internal.Utils - [Utils] MethodGroupsHelper.sortMethods() took 0 ms.
""2026-04-29 23:17:04 [main] INFO  org.testng.internal.Utils - [Utils] MethodGroupsHelper.collectMethodsByGroup() took 0 ms.
""2026-04-29 23:17:04 [main] INFO  org.testng.internal.Utils - [Utils] MethodGroupsHelper.sortMethods() took 0 ms.
""2026-04-29 23:17:04 [main] INFO  org.testng.internal.Utils - [Utils] MethodGroupsHelper.collectMethodsByGroup() took 0 ms.
""2026-04-29 23:17:04 [main] INFO  org.testng.internal.Utils - [Utils] MethodGroupsHelper.sortMethods() took 0 ms.
""2026-04-29 23:17:04 [main] INFO  org.testng.internal.Utils - [Utils] MethodGroupsHelper.collectMethodsByGroup() took 0 ms.
""2026-04-29 23:17:04 [main] INFO  org.testng.internal.Utils - [Utils] MethodGroupsHelper.sortMethods() took 0 ms.
""2026-04-29 23:17:04 [main] INFO  org.testng.internal.Utils - [Utils] MethodGroupsHelper.collectMethodsByGroup() took 0 ms.
""2026-04-29 23:17:04 [main] INFO  org.testng.internal.Utils - [Utils] MethodGroupsHelper.sortMethods() took 0 ms.
""2026-04-29 23:17:04 [main] INFO  org.testng.internal.Utils - [Utils] MethodGroupsHelper.collectMethodsByGroup() took 0 ms.
""2026-04-29 23:17:04 [main] INFO  org.testng.internal.Utils - [Utils] MethodGroupsHelper.sortMethods() took 1 ms.
""2026-04-29 23:17:04 [main] INFO  org.testng.internal.Utils - [Utils] MethodGroupsHelper.collectMethodsByGroup() took 0 ms.
""2026-04-29 23:17:04 [main] INFO  org.testng.internal.Utils - [Utils] MethodGroupsHelper.sortMethods() took 0 ms.
""2026-04-29 23:17:04 [main] INFO  org.testng.internal.Utils - [Utils] MethodGroupsHelper.collectMethodsByGroup() took 0 ms.
""2026-04-29 23:17:04 [main] INFO  org.testng.internal.Utils - [Utils] MethodGroupsHelper.sortMethods() took 4 ms.
""2026-04-29 23:17:04 [main] INFO  org.testng.internal.Utils - [Utils] MethodGroupsHelper.collectMethodsByGroup() took 0 ms.
""2026-04-29 23:17:04 [main] INFO  org.testng.internal.Utils - [Utils] MethodGroupsHelper.sortMethods() took 0 ms.
""2026-04-29 23:17:04 [main] INFO  org.testng.internal.Utils - [Utils] MethodGroupsHelper.collectMethodsByGroup() took 0 ms.
""2026-04-29 23:17:04 [main] INFO  org.testng.internal.Utils - [Utils] MethodGroupsHelper.sortMethods() took 0 ms.
""2026-04-29 23:17:04 [main] INFO  org.testng.internal.Utils - [TestNG] Running:
  C:\Users\Aishw\AppData\Local\Temp\testng-eclipse-964755648\testng-customsuite.xml

""2026-04-29 23:17:04 [main] INFO  org.testng.internal.Utils - [Utils] DynamicGraphHelper.createDynamicGraph() took 2 ms.
""2026-04-29 23:17:16 [main] INFO  org.testng.internal.Utils - [TestNG] Time taken by org.testng.reporters.jq.Main@611a990b: 50 ms
""2026-04-29 23:17:16 [main] INFO  org.testng.internal.Utils - [TestNG] Time taken by org.testng.reporters.FailedReporter@50850539: 1 ms
""2026-04-29 23:17:16 [main] INFO  org.testng.internal.Utils - [TestNG] Time taken by org.testng.reporters.XMLReporter@77b919a3: 5 ms
""2026-04-29 23:17:16 [main] INFO  org.testng.internal.Utils - [TestNG] Time taken by org.testng.reporters.EmailableReporter2@733aa9d8: 4 ms
""2026-04-29 23:17:16 [main] INFO  org.testng.internal.Utils - [TestNG] Time taken by org.testng.reporters.JUnitReportReporter@10f7c76: 4 ms
""2026-04-29 23:17:16 [main] INFO  org.testng.internal.Utils - [TestNG] Time taken by org.testng.internal.ExitCodeListener@4745e9c: 0 ms
""2026-04-29 23:18:21 [main] INFO  org.testng.internal.Utils - [Utils] MethodGroupsHelper.collectMethodsByGroup() took 4 ms.
""2026-04-29 23:18:21 [main] INFO  org.testng.internal.Utils - [Utils] MethodGroupsHelper.sortMethods() took 5 ms.
""2026-04-29 23:18:21 [main] INFO  org.testng.internal.Utils - [Utils] MethodGroupsHelper.collectMethodsByGroup() took 0 ms.
""2026-04-29 23:18:21 [main] INFO  org.testng.internal.Utils - [Utils] MethodGroupsHelper.sortMethods() took 0 ms.
""2026-04-29 23:18:21 [main] INFO  org.testng.internal.Utils - [Utils] MethodGroupsHelper.collectMethodsByGroup() took 0 ms.
""2026-04-29 23:18:21 [main] INFO  org.testng.internal.Utils - [Utils] MethodGroupsHelper.sortMethods() took 0 ms.
""2026-04-29 23:18:21 [main] INFO  org.testng.internal.Utils - [Utils] MethodGroupsHelper.collectMethodsByGroup() took 0 ms.
""2026-04-29 23:18:21 [main] INFO  org.testng.internal.Utils - [Utils] MethodGroupsHelper.sortMethods() took 0 ms.
""2026-04-29 23:18:21 [main] INFO  org.testng.internal.Utils - [Utils] MethodGroupsHelper.collectMethodsByGroup() took 0 ms.
""2026-04-29 23:18:21 [main] INFO  org.testng.internal.Utils - [Utils] MethodGroupsHelper.sortMethods() took 0 ms.
""2026-04-29 23:18:21 [main] INFO  org.testng.internal.Utils - [Utils] MethodGroupsHelper.collectMethodsByGroup() took 0 ms.
""2026-04-29 23:18:21 [main] INFO  org.testng.internal.Utils - [Utils] MethodGroupsHelper.sortMethods() took 0 ms.
""2026-04-29 23:18:21 [main] INFO  org.testng.internal.Utils - [Utils] MethodGroupsHelper.collectMethodsByGroup() took 0 ms.
""2026-04-29 23:18:21 [main] INFO  org.testng.internal.Utils - [Utils] MethodGroupsHelper.sortMethods() took 0 ms.
""2026-04-29 23:18:21 [main] INFO  org.testng.internal.Utils - [Utils] MethodGroupsHelper.collectMethodsByGroup() took 0 ms.
""2026-04-29 23:18:21 [main] INFO  org.testng.internal.Utils - [Utils] MethodGroupsHelper.sortMethods() took 0 ms.
""2026-04-29 23:18:21 [main] INFO  org.testng.internal.Utils - [Utils] MethodGroupsHelper.collectMethodsByGroup() took 0 ms.
""2026-04-29 23:18:21 [main] INFO  org.testng.internal.Utils - [Utils] MethodGroupsHelper.sortMethods() took 0 ms.
""2026-04-29 23:18:21 [main] INFO  org.testng.internal.Utils - [Utils] MethodGroupsHelper.collectMethodsByGroup() took 0 ms.
""2026-04-29 23:18:21 [main] INFO  org.testng.internal.Utils - [Utils] MethodGroupsHelper.sortMethods() took 0 ms.
""2026-04-29 23:18:21 [main] INFO  org.testng.internal.Utils - [Utils] MethodGroupsHelper.collectMethodsByGroup() took 0 ms.
""2026-04-29 23:18:21 [main] INFO  org.testng.internal.Utils - [Utils] MethodGroupsHelper.sortMethods() took 0 ms.
""2026-04-29 23:18:21 [main] INFO  org.testng.internal.Utils - [Utils] MethodGroupsHelper.collectMethodsByGroup() took 0 ms.
""2026-04-29 23:18:21 [main] INFO  org.testng.internal.Utils - [Utils] MethodGroupsHelper.sortMethods() took 0 ms.
""2026-04-29 23:18:21 [main] INFO  org.testng.internal.Utils - [Utils] MethodGroupsHelper.collectMethodsByGroup() took 0 ms.
""2026-04-29 23:18:21 [main] INFO  org.testng.internal.Utils - [Utils] MethodGroupsHelper.sortMethods() took 3 ms.
""2026-04-29 23:18:21 [main] INFO  org.testng.internal.Utils - [Utils] MethodGroupsHelper.collectMethodsByGroup() took 0 ms.
""2026-04-29 23:18:21 [main] INFO  org.testng.internal.Utils - [Utils] MethodGroupsHelper.sortMethods() took 0 ms.
""2026-04-29 23:18:21 [main] INFO  org.testng.internal.Utils - [Utils] MethodGroupsHelper.collectMethodsByGroup() took 0 ms.
""2026-04-29 23:18:21 [main] INFO  org.testng.internal.Utils - [Utils] MethodGroupsHelper.sortMethods() took 0 ms.
""2026-04-29 23:18:21 [main] INFO  org.testng.internal.Utils - [TestNG] Running:
  C:\Users\Aishw\AppData\Local\Temp\testng-eclipse--72003076\testng-customsuite.xml

""2026-04-29 23:18:22 [main] INFO  org.testng.internal.Utils - [Utils] DynamicGraphHelper.createDynamicGraph() took 2 ms.
""2026-04-29 23:18:33 [main] INFO  org.testng.internal.Utils - [TestNG] Time taken by org.testng.reporters.jq.Main@467b684d: 41 ms
""2026-04-29 23:18:33 [main] INFO  org.testng.internal.Utils - [TestNG] Time taken by org.testng.reporters.FailedReporter@611a990b: 2 ms
""2026-04-29 23:18:33 [main] INFO  org.testng.internal.Utils - [TestNG] Time taken by org.testng.reporters.XMLReporter@5fcfde70: 8 ms
""2026-04-29 23:18:33 [main] INFO  org.testng.internal.Utils - [TestNG] Time taken by org.testng.reporters.EmailableReporter2@b52b755: 5 ms
""2026-04-29 23:18:33 [main] INFO  org.testng.internal.Utils - [TestNG] Time taken by org.testng.reporters.JUnitReportReporter@56da7487: 4 ms
""2026-04-29 23:18:33 [main] INFO  org.testng.internal.Utils - [TestNG] Time taken by org.testng.internal.ExitCodeListener@599e4d41: 0 ms
""2026-04-29 23:19:26 [main] INFO  org.testng.internal.Utils - [Utils] MethodGroupsHelper.collectMethodsByGroup() took 4 ms.
""2026-04-29 23:19:26 [main] INFO  org.testng.internal.Utils - [Utils] MethodGroupsHelper.sortMethods() took 7 ms.
""2026-04-29 23:19:26 [main] INFO  org.testng.internal.Utils - [Utils] MethodGroupsHelper.collectMethodsByGroup() took 0 ms.
""2026-04-29 23:19:26 [main] INFO  org.testng.internal.Utils - [Utils] MethodGroupsHelper.sortMethods() took 0 ms.
""2026-04-29 23:19:26 [main] INFO  org.testng.internal.Utils - [Utils] MethodGroupsHelper.collectMethodsByGroup() took 0 ms.
""2026-04-29 23:19:26 [main] INFO  org.testng.internal.Utils - [Utils] MethodGroupsHelper.sortMethods() took 0 ms.
""2026-04-29 23:19:26 [main] INFO  org.testng.internal.Utils - [Utils] MethodGroupsHelper.collectMethodsByGroup() took 0 ms.
""2026-04-29 23:19:26 [main] INFO  org.testng.internal.Utils - [Utils] MethodGroupsHelper.sortMethods() took 0 ms.
""2026-04-29 23:19:26 [main] INFO  org.testng.internal.Utils - [Utils] MethodGroupsHelper.collectMethodsByGroup() took 0 ms.
""2026-04-29 23:19:26 [main] INFO  org.testng.internal.Utils - [Utils] MethodGroupsHelper.sortMethods() took 0 ms.
""2026-04-29 23:19:26 [main] INFO  org.testng.internal.Utils - [Utils] MethodGroupsHelper.collectMethodsByGroup() took 0 ms.
""2026-04-29 23:19:26 [main] INFO  org.testng.internal.Utils - [Utils] MethodGroupsHelper.sortMethods() took 0 ms.
""2026-04-29 23:19:26 [main] INFO  org.testng.internal.Utils - [Utils] MethodGroupsHelper.collectMethodsByGroup() took 0 ms.
""2026-04-29 23:19:26 [main] INFO  org.testng.internal.Utils - [Utils] MethodGroupsHelper.sortMethods() took 0 ms.
""2026-04-29 23:19:26 [main] INFO  org.testng.internal.Utils - [Utils] MethodGroupsHelper.collectMethodsByGroup() took 0 ms.
""2026-04-29 23:19:26 [main] INFO  org.testng.internal.Utils - [Utils] MethodGroupsHelper.sortMethods() took 0 ms.
""2026-04-29 23:19:26 [main] INFO  org.testng.internal.Utils - [Utils] MethodGroupsHelper.collectMethodsByGroup() took 0 ms.
""2026-04-29 23:19:26 [main] INFO  org.testng.internal.Utils - [Utils] MethodGroupsHelper.sortMethods() took 0 ms.
""2026-04-29 23:19:26 [main] INFO  org.testng.internal.Utils - [Utils] MethodGroupsHelper.collectMethodsByGroup() took 0 ms.
""2026-04-29 23:19:26 [main] INFO  org.testng.internal.Utils - [Utils] MethodGroupsHelper.sortMethods() took 1 ms.
""2026-04-29 23:19:26 [main] INFO  org.testng.internal.Utils - [Utils] MethodGroupsHelper.collectMethodsByGroup() took 0 ms.
""2026-04-29 23:19:26 [main] INFO  org.testng.internal.Utils - [Utils] MethodGroupsHelper.sortMethods() took 0 ms.
""2026-04-29 23:19:26 [main] INFO  org.testng.internal.Utils - [Utils] MethodGroupsHelper.collectMethodsByGroup() took 0 ms.
""2026-04-29 23:19:26 [main] INFO  org.testng.internal.Utils - [Utils] MethodGroupsHelper.sortMethods() took 0 ms.
""2026-04-29 23:19:26 [main] INFO  org.testng.internal.Utils - [Utils] MethodGroupsHelper.collectMethodsByGroup() took 0 ms.
""2026-04-29 23:19:26 [main] INFO  org.testng.internal.Utils - [Utils] MethodGroupsHelper.sortMethods() took 2 ms.
""2026-04-29 23:19:26 [main] INFO  org.testng.internal.Utils - [Utils] MethodGroupsHelper.collectMethodsByGroup() took 0 ms.
""2026-04-29 23:19:26 [main] INFO  org.testng.internal.Utils - [Utils] MethodGroupsHelper.sortMethods() took 0 ms.
""2026-04-29 23:19:26 [main] INFO  org.testng.internal.Utils - [Utils] MethodGroupsHelper.collectMethodsByGroup() took 0 ms.
""2026-04-29 23:19:26 [main] INFO  org.testng.internal.Utils - [Utils] MethodGroupsHelper.sortMethods() took 0 ms.
""2026-04-29 23:19:26 [main] INFO  org.testng.internal.Utils - [TestNG] Running:
  C:\Users\Aishw\AppData\Local\Temp\testng-eclipse--1504564437\testng-customsuite.xml

""2026-04-29 23:19:26 [main] INFO  org.testng.internal.Utils - [Utils] DynamicGraphHelper.createDynamicGraph() took 3 ms.
""2026-04-29 23:19:38 [main] INFO  org.testng.internal.Utils - [TestNG] Time taken by org.testng.reporters.jq.Main@7fe82967: 51 ms
""2026-04-29 23:19:38 [main] INFO  org.testng.internal.Utils - [TestNG] Time taken by org.testng.reporters.FailedReporter@6c3659be: 1 ms
""2026-04-29 23:19:38 [main] INFO  org.testng.internal.Utils - [TestNG] Time taken by org.testng.reporters.XMLReporter@36681447: 8 ms
""2026-04-29 23:19:38 [main] INFO  org.testng.internal.Utils - [TestNG] Time taken by org.testng.reporters.EmailableReporter2@2b680207: 4 ms
""2026-04-29 23:19:38 [main] INFO  org.testng.internal.Utils - [TestNG] Time taken by org.testng.reporters.JUnitReportReporter@2f2bff16: 2 ms
""2026-04-29 23:19:38 [main] INFO  org.testng.internal.Utils - [TestNG] Time taken by org.testng.internal.ExitCodeListener@75de29c0: 0 ms
""2026-04-29 23:24:46 [main] INFO  org.testng.internal.Utils - [Utils] MethodGroupsHelper.collectMethodsByGroup() took 2 ms.
""2026-04-29 23:24:46 [main] INFO  org.testng.internal.Utils - [Utils] MethodGroupsHelper.sortMethods() took 6 ms.
""2026-04-29 23:24:46 [main] INFO  org.testng.internal.Utils - [Utils] MethodGroupsHelper.collectMethodsByGroup() took 0 ms.
""2026-04-29 23:24:46 [main] INFO  org.testng.internal.Utils - [Utils] MethodGroupsHelper.sortMethods() took 0 ms.
""2026-04-29 23:24:46 [main] INFO  org.testng.internal.Utils - [Utils] MethodGroupsHelper.collectMethodsByGroup() took 0 ms.
""2026-04-29 23:24:46 [main] INFO  org.testng.internal.Utils - [Utils] MethodGroupsHelper.sortMethods() took 0 ms.
""2026-04-29 23:24:46 [main] INFO  org.testng.internal.Utils - [Utils] MethodGroupsHelper.collectMethodsByGroup() took 0 ms.
""2026-04-29 23:24:46 [main] INFO  org.testng.internal.Utils - [Utils] MethodGroupsHelper.sortMethods() took 0 ms.
""2026-04-29 23:24:46 [main] INFO  org.testng.internal.Utils - [Utils] MethodGroupsHelper.collectMethodsByGroup() took 0 ms.
""2026-04-29 23:24:46 [main] INFO  org.testng.internal.Utils - [Utils] MethodGroupsHelper.sortMethods() took 0 ms.
""2026-04-29 23:24:46 [main] INFO  org.testng.internal.Utils - [Utils] MethodGroupsHelper.collectMethodsByGroup() took 0 ms.
""2026-04-29 23:24:46 [main] INFO  org.testng.internal.Utils - [Utils] MethodGroupsHelper.sortMethods() took 0 ms.
""2026-04-29 23:24:46 [main] INFO  org.testng.internal.Utils - [Utils] MethodGroupsHelper.collectMethodsByGroup() took 0 ms.
""2026-04-29 23:24:46 [main] INFO  org.testng.internal.Utils - [Utils] MethodGroupsHelper.sortMethods() took 0 ms.
""2026-04-29 23:24:46 [main] INFO  org.testng.internal.Utils - [Utils] MethodGroupsHelper.collectMethodsByGroup() took 0 ms.
""2026-04-29 23:24:46 [main] INFO  org.testng.internal.Utils - [Utils] MethodGroupsHelper.sortMethods() took 0 ms.
""2026-04-29 23:24:46 [main] INFO  org.testng.internal.Utils - [Utils] MethodGroupsHelper.collectMethodsByGroup() took 0 ms.
""2026-04-29 23:24:46 [main] INFO  org.testng.internal.Utils - [Utils] MethodGroupsHelper.sortMethods() took 0 ms.
""2026-04-29 23:24:46 [main] INFO  org.testng.internal.Utils - [Utils] MethodGroupsHelper.collectMethodsByGroup() took 0 ms.
""2026-04-29 23:24:46 [main] INFO  org.testng.internal.Utils - [Utils] MethodGroupsHelper.sortMethods() took 0 ms.
""2026-04-29 23:24:46 [main] INFO  org.testng.internal.Utils - [Utils] MethodGroupsHelper.collectMethodsByGroup() took 1 ms.
""2026-04-29 23:24:46 [main] INFO  org.testng.internal.Utils - [Utils] MethodGroupsHelper.sortMethods() took 0 ms.
""2026-04-29 23:24:46 [main] INFO  org.testng.internal.Utils - [Utils] MethodGroupsHelper.collectMethodsByGroup() took 0 ms.
""2026-04-29 23:24:46 [main] INFO  org.testng.internal.Utils - [Utils] MethodGroupsHelper.sortMethods() took 0 ms.
""2026-04-29 23:24:46 [main] INFO  org.testng.internal.Utils - [Utils] MethodGroupsHelper.collectMethodsByGroup() took 0 ms.
""2026-04-29 23:24:46 [main] INFO  org.testng.internal.Utils - [Utils] MethodGroupsHelper.sortMethods() took 2 ms.
""2026-04-29 23:24:46 [main] INFO  org.testng.internal.Utils - [Utils] MethodGroupsHelper.collectMethodsByGroup() took 0 ms.
""2026-04-29 23:24:46 [main] INFO  org.testng.internal.Utils - [Utils] MethodGroupsHelper.sortMethods() took 0 ms.
""2026-04-29 23:24:46 [main] INFO  org.testng.internal.Utils - [Utils] MethodGroupsHelper.collectMethodsByGroup() took 0 ms.
""2026-04-29 23:24:46 [main] INFO  org.testng.internal.Utils - [Utils] MethodGroupsHelper.sortMethods() took 0 ms.
""2026-04-29 23:24:46 [main] INFO  org.testng.internal.Utils - [TestNG] Running:
  C:\Users\Aishw\AppData\Local\Temp\testng-eclipse-834772340\testng-customsuite.xml

""2026-04-29 23:24:46 [main] INFO  org.testng.internal.Utils - [Utils] DynamicGraphHelper.createDynamicGraph() took 3 ms.
""2026-04-29 23:25:07 [main] INFO  org.testng.internal.Utils - [TestNG] Time taken by org.testng.reporters.jq.Main@102c577f: 54 ms
""2026-04-29 23:25:07 [main] INFO  org.testng.internal.Utils - [TestNG] Time taken by org.testng.reporters.FailedReporter@1716e8c5: 1 ms
""2026-04-29 23:25:07 [main] INFO  org.testng.internal.Utils - [TestNG] Time taken by org.testng.reporters.XMLReporter@1859e2a4: 10 ms
""2026-04-29 23:25:07 [main] INFO  org.testng.internal.Utils - [TestNG] Time taken by org.testng.reporters.EmailableReporter2@2f4c2cd4: 7 ms
""2026-04-29 23:25:07 [main] INFO  org.testng.internal.Utils - [TestNG] Time taken by org.testng.reporters.JUnitReportReporter@1dc3502b: 4 ms
""2026-04-29 23:25:07 [main] INFO  org.testng.internal.Utils - [TestNG] Time taken by org.testng.internal.ExitCodeListener@6a1d3225: 0 ms
""2026-04-29 23:34:14 [main] INFO  org.testng.internal.Utils - [Utils] MethodGroupsHelper.collectMethodsByGroup() took 4 ms.
""2026-04-29 23:34:14 [main] INFO  org.testng.internal.Utils - [Utils] MethodGroupsHelper.sortMethods() took 4 ms.
""2026-04-29 23:34:14 [main] INFO  org.testng.internal.Utils - [Utils] MethodGroupsHelper.collectMethodsByGroup() took 0 ms.
""2026-04-29 23:34:14 [main] INFO  org.testng.internal.Utils - [Utils] MethodGroupsHelper.sortMethods() took 1 ms.
""2026-04-29 23:34:14 [main] INFO  org.testng.internal.Utils - [Utils] MethodGroupsHelper.collectMethodsByGroup() took 0 ms.
""2026-04-29 23:34:14 [main] INFO  org.testng.internal.Utils - [Utils] MethodGroupsHelper.sortMethods() took 0 ms.
""2026-04-29 23:34:14 [main] INFO  org.testng.internal.Utils - [Utils] MethodGroupsHelper.collectMethodsByGroup() took 0 ms.
""2026-04-29 23:34:14 [main] INFO  org.testng.internal.Utils - [Utils] MethodGroupsHelper.sortMethods() took 0 ms.
""2026-04-29 23:34:14 [main] INFO  org.testng.internal.Utils - [Utils] MethodGroupsHelper.collectMethodsByGroup() took 0 ms.
""2026-04-29 23:34:14 [main] INFO  org.testng.internal.Utils - [Utils] MethodGroupsHelper.sortMethods() took 0 ms.
""2026-04-29 23:34:14 [main] INFO  org.testng.internal.Utils - [Utils] MethodGroupsHelper.collectMethodsByGroup() took 0 ms.
""2026-04-29 23:34:14 [main] INFO  org.testng.internal.Utils - [Utils] MethodGroupsHelper.sortMethods() took 0 ms.
""2026-04-29 23:34:14 [main] INFO  org.testng.internal.Utils - [Utils] MethodGroupsHelper.collectMethodsByGroup() took 0 ms.
""2026-04-29 23:34:14 [main] INFO  org.testng.internal.Utils - [Utils] MethodGroupsHelper.sortMethods() took 0 ms.
""2026-04-29 23:34:14 [main] INFO  org.testng.internal.Utils - [Utils] MethodGroupsHelper.collectMethodsByGroup() took 0 ms.
""2026-04-29 23:34:14 [main] INFO  org.testng.internal.Utils - [Utils] MethodGroupsHelper.sortMethods() took 0 ms.
""2026-04-29 23:34:14 [main] INFO  org.testng.internal.Utils - [Utils] MethodGroupsHelper.collectMethodsByGroup() took 0 ms.
""2026-04-29 23:34:14 [main] INFO  org.testng.internal.Utils - [Utils] MethodGroupsHelper.sortMethods() took 0 ms.
""2026-04-29 23:34:14 [main] INFO  org.testng.internal.Utils - [Utils] MethodGroupsHelper.collectMethodsByGroup() took 1 ms.
""2026-04-29 23:34:14 [main] INFO  org.testng.internal.Utils - [Utils] MethodGroupsHelper.sortMethods() took 0 ms.
""2026-04-29 23:34:14 [main] INFO  org.testng.internal.Utils - [Utils] MethodGroupsHelper.collectMethodsByGroup() took 0 ms.
""2026-04-29 23:34:14 [main] INFO  org.testng.internal.Utils - [Utils] MethodGroupsHelper.sortMethods() took 1 ms.
""2026-04-29 23:34:14 [main] INFO  org.testng.internal.Utils - [Utils] MethodGroupsHelper.collectMethodsByGroup() took 0 ms.
""2026-04-29 23:34:14 [main] INFO  org.testng.internal.Utils - [Utils] MethodGroupsHelper.sortMethods() took 0 ms.
""2026-04-29 23:34:14 [main] INFO  org.testng.internal.Utils - [Utils] MethodGroupsHelper.collectMethodsByGroup() took 0 ms.
""2026-04-29 23:34:14 [main] INFO  org.testng.internal.Utils - [Utils] MethodGroupsHelper.sortMethods() took 3 ms.
""2026-04-29 23:34:14 [main] INFO  org.testng.internal.Utils - [Utils] MethodGroupsHelper.collectMethodsByGroup() took 1 ms.
""2026-04-29 23:34:14 [main] INFO  org.testng.internal.Utils - [Utils] MethodGroupsHelper.sortMethods() took 0 ms.
""2026-04-29 23:34:14 [main] INFO  org.testng.internal.Utils - [Utils] MethodGroupsHelper.collectMethodsByGroup() took 0 ms.
""2026-04-29 23:34:14 [main] INFO  org.testng.internal.Utils - [Utils] MethodGroupsHelper.sortMethods() took 0 ms.
""2026-04-29 23:34:14 [main] INFO  org.testng.internal.Utils - [TestNG] Running:
  C:\Users\Aishw\AppData\Local\Temp\testng-eclipse--1172081212\testng-customsuite.xml

""2026-04-29 23:34:14 [main] INFO  org.testng.internal.Utils - [Utils] DynamicGraphHelper.createDynamicGraph() took 2 ms.
""2026-04-29 23:34:26 [main] INFO  org.testng.internal.Utils - [TestNG] Time taken by org.testng.reporters.jq.Main@4c1bdcc2: 35 ms
""2026-04-29 23:34:26 [main] INFO  org.testng.internal.Utils - [TestNG] Time taken by org.testng.reporters.FailedReporter@7640a5b1: 0 ms
""2026-04-29 23:34:26 [main] INFO  org.testng.internal.Utils - [TestNG] Time taken by org.testng.reporters.XMLReporter@1fb2d5e: 7 ms
""2026-04-29 23:34:26 [main] INFO  org.testng.internal.Utils - [TestNG] Time taken by org.testng.reporters.EmailableReporter2@44f24a20: 4 ms
""2026-04-29 23:34:26 [main] INFO  org.testng.internal.Utils - [TestNG] Time taken by org.testng.reporters.JUnitReportReporter@2f897dab: 2 ms
""2026-04-29 23:34:26 [main] INFO  org.testng.internal.Utils - [TestNG] Time taken by org.testng.internal.ExitCodeListener@d5d5353: 0 ms
""2026-04-29 23:35:23 [main] INFO  org.testng.internal.Utils - [Utils] MethodGroupsHelper.collectMethodsByGroup() took 4 ms.
""2026-04-29 23:35:23 [main] INFO  org.testng.internal.Utils - [Utils] MethodGroupsHelper.sortMethods() took 11 ms.
""2026-04-29 23:35:23 [main] INFO  org.testng.internal.Utils - [Utils] MethodGroupsHelper.collectMethodsByGroup() took 0 ms.
""2026-04-29 23:35:23 [main] INFO  org.testng.internal.Utils - [Utils] MethodGroupsHelper.sortMethods() took 0 ms.
""2026-04-29 23:35:23 [main] INFO  org.testng.internal.Utils - [Utils] MethodGroupsHelper.collectMethodsByGroup() took 0 ms.
""2026-04-29 23:35:23 [main] INFO  org.testng.internal.Utils - [Utils] MethodGroupsHelper.sortMethods() took 0 ms.
""2026-04-29 23:35:23 [main] INFO  org.testng.internal.Utils - [Utils] MethodGroupsHelper.collectMethodsByGroup() took 0 ms.
""2026-04-29 23:35:23 [main] INFO  org.testng.internal.Utils - [Utils] MethodGroupsHelper.sortMethods() took 0 ms.
""2026-04-29 23:35:23 [main] INFO  org.testng.internal.Utils - [Utils] MethodGroupsHelper.collectMethodsByGroup() took 0 ms.
""2026-04-29 23:35:23 [main] INFO  org.testng.internal.Utils - [Utils] MethodGroupsHelper.sortMethods() took 0 ms.
""2026-04-29 23:35:23 [main] INFO  org.testng.internal.Utils - [Utils] MethodGroupsHelper.collectMethodsByGroup() took 0 ms.
""2026-04-29 23:35:23 [main] INFO  org.testng.internal.Utils - [Utils] MethodGroupsHelper.sortMethods() took 0 ms.
""2026-04-29 23:35:23 [main] INFO  org.testng.internal.Utils - [Utils] MethodGroupsHelper.collectMethodsByGroup() took 0 ms.
""2026-04-29 23:35:23 [main] INFO  org.testng.internal.Utils - [Utils] MethodGroupsHelper.sortMethods() took 0 ms.
""2026-04-29 23:35:23 [main] INFO  org.testng.internal.Utils - [Utils] MethodGroupsHelper.collectMethodsByGroup() took 0 ms.
""2026-04-29 23:35:23 [main] INFO  org.testng.internal.Utils - [Utils] MethodGroupsHelper.sortMethods() took 0 ms.
""2026-04-29 23:35:23 [main] INFO  org.testng.internal.Utils - [Utils] MethodGroupsHelper.collectMethodsByGroup() took 0 ms.
""2026-04-29 23:35:23 [main] INFO  org.testng.internal.Utils - [Utils] MethodGroupsHelper.sortMethods() took 0 ms.
""2026-04-29 23:35:23 [main] INFO  org.testng.internal.Utils - [Utils] MethodGroupsHelper.collectMethodsByGroup() took 0 ms.
""2026-04-29 23:35:23 [main] INFO  org.testng.internal.Utils - [Utils] MethodGroupsHelper.sortMethods() took 0 ms.
""2026-04-29 23:35:23 [main] INFO  org.testng.internal.Utils - [Utils] MethodGroupsHelper.collectMethodsByGroup() took 0 ms.
""2026-04-29 23:35:23 [main] INFO  org.testng.internal.Utils - [Utils] MethodGroupsHelper.sortMethods() took 1 ms.
""2026-04-29 23:35:23 [main] INFO  org.testng.internal.Utils - [Utils] MethodGroupsHelper.collectMethodsByGroup() took 0 ms.
""2026-04-29 23:35:23 [main] INFO  org.testng.internal.Utils - [Utils] MethodGroupsHelper.sortMethods() took 0 ms.
""2026-04-29 23:35:23 [main] INFO  org.testng.internal.Utils - [Utils] MethodGroupsHelper.collectMethodsByGroup() took 1 ms.
""2026-04-29 23:35:23 [main] INFO  org.testng.internal.Utils - [Utils] MethodGroupsHelper.sortMethods() took 1 ms.
""2026-04-29 23:35:23 [main] INFO  org.testng.internal.Utils - [Utils] MethodGroupsHelper.collectMethodsByGroup() took 0 ms.
""2026-04-29 23:35:23 [main] INFO  org.testng.internal.Utils - [Utils] MethodGroupsHelper.sortMethods() took 0 ms.
""2026-04-29 23:35:23 [main] INFO  org.testng.internal.Utils - [Utils] MethodGroupsHelper.collectMethodsByGroup() took 0 ms.
""2026-04-29 23:35:23 [main] INFO  org.testng.internal.Utils - [Utils] MethodGroupsHelper.sortMethods() took 0 ms.
""2026-04-29 23:35:23 [main] INFO  org.testng.internal.Utils - [TestNG] Running:
  C:\Users\Aishw\AppData\Local\Temp\testng-eclipse--2115946885\testng-customsuite.xml

""2026-04-29 23:35:23 [main] INFO  org.testng.internal.Utils - [Utils] DynamicGraphHelper.createDynamicGraph() took 3 ms.
""2026-04-29 23:35:36 [main] INFO  org.testng.internal.Utils - [TestNG] Time taken by org.testng.reporters.jq.Main@4c1bdcc2: 46 ms
""2026-04-29 23:35:36 [main] INFO  org.testng.internal.Utils - [TestNG] Time taken by org.testng.reporters.FailedReporter@7640a5b1: 1 ms
""2026-04-29 23:35:36 [main] INFO  org.testng.internal.Utils - [TestNG] Time taken by org.testng.reporters.XMLReporter@1fb2d5e: 9 ms
""2026-04-29 23:35:36 [main] INFO  org.testng.internal.Utils - [TestNG] Time taken by org.testng.reporters.EmailableReporter2@44f24a20: 5 ms
""2026-04-29 23:35:36 [main] INFO  org.testng.internal.Utils - [TestNG] Time taken by org.testng.reporters.JUnitReportReporter@2f897dab: 4 ms
""2026-04-29 23:35:36 [main] INFO  org.testng.internal.Utils - [TestNG] Time taken by org.testng.internal.ExitCodeListener@d5d5353: 1 ms
""2026-04-29 23:38:13 [main] INFO  org.testng.internal.Utils - [Utils] MethodGroupsHelper.collectMethodsByGroup() took 3 ms.
""2026-04-29 23:38:13 [main] INFO  org.testng.internal.Utils - [Utils] MethodGroupsHelper.sortMethods() took 7 ms.
""2026-04-29 23:38:13 [main] INFO  org.testng.internal.Utils - [Utils] MethodGroupsHelper.collectMethodsByGroup() took 0 ms.
""2026-04-29 23:38:13 [main] INFO  org.testng.internal.Utils - [Utils] MethodGroupsHelper.sortMethods() took 1 ms.
""2026-04-29 23:38:13 [main] INFO  org.testng.internal.Utils - [Utils] MethodGroupsHelper.collectMethodsByGroup() took 0 ms.
""2026-04-29 23:38:13 [main] INFO  org.testng.internal.Utils - [Utils] MethodGroupsHelper.sortMethods() took 0 ms.
""2026-04-29 23:38:13 [main] INFO  org.testng.internal.Utils - [Utils] MethodGroupsHelper.collectMethodsByGroup() took 0 ms.
""2026-04-29 23:38:13 [main] INFO  org.testng.internal.Utils - [Utils] MethodGroupsHelper.sortMethods() took 0 ms.
""2026-04-29 23:38:13 [main] INFO  org.testng.internal.Utils - [Utils] MethodGroupsHelper.collectMethodsByGroup() took 0 ms.
""2026-04-29 23:38:13 [main] INFO  org.testng.internal.Utils - [Utils] MethodGroupsHelper.sortMethods() took 0 ms.
""2026-04-29 23:38:13 [main] INFO  org.testng.internal.Utils - [Utils] MethodGroupsHelper.collectMethodsByGroup() took 0 ms.
""2026-04-29 23:38:13 [main] INFO  org.testng.internal.Utils - [Utils] MethodGroupsHelper.sortMethods() took 0 ms.
""2026-04-29 23:38:13 [main] INFO  org.testng.internal.Utils - [Utils] MethodGroupsHelper.collectMethodsByGroup() took 0 ms.
""2026-04-29 23:38:13 [main] INFO  org.testng.internal.Utils - [Utils] MethodGroupsHelper.sortMethods() took 0 ms.
""2026-04-29 23:38:13 [main] INFO  org.testng.internal.Utils - [Utils] MethodGroupsHelper.collectMethodsByGroup() took 0 ms.
""2026-04-29 23:38:13 [main] INFO  org.testng.internal.Utils - [Utils] MethodGroupsHelper.sortMethods() took 0 ms.
""2026-04-29 23:38:13 [main] INFO  org.testng.internal.Utils - [Utils] MethodGroupsHelper.collectMethodsByGroup() took 0 ms.
""2026-04-29 23:38:13 [main] INFO  org.testng.internal.Utils - [Utils] MethodGroupsHelper.sortMethods() took 0 ms.
""2026-04-29 23:38:13 [main] INFO  org.testng.internal.Utils - [Utils] MethodGroupsHelper.collectMethodsByGroup() took 0 ms.
""2026-04-29 23:38:13 [main] INFO  org.testng.internal.Utils - [Utils] MethodGroupsHelper.sortMethods() took 0 ms.
""2026-04-29 23:38:13 [main] INFO  org.testng.internal.Utils - [Utils] MethodGroupsHelper.collectMethodsByGroup() took 0 ms.
""2026-04-29 23:38:13 [main] INFO  org.testng.internal.Utils - [Utils] MethodGroupsHelper.sortMethods() took 0 ms.
""2026-04-29 23:38:13 [main] INFO  org.testng.internal.Utils - [Utils] MethodGroupsHelper.collectMethodsByGroup() took 0 ms.
""2026-04-29 23:38:13 [main] INFO  org.testng.internal.Utils - [Utils] MethodGroupsHelper.sortMethods() took 0 ms.
""2026-04-29 23:38:13 [main] INFO  org.testng.internal.Utils - [Utils] MethodGroupsHelper.collectMethodsByGroup() took 0 ms.
""2026-04-29 23:38:13 [main] INFO  org.testng.internal.Utils - [Utils] MethodGroupsHelper.sortMethods() took 3 ms.
""2026-04-29 23:38:13 [main] INFO  org.testng.internal.Utils - [Utils] MethodGroupsHelper.collectMethodsByGroup() took 0 ms.
""2026-04-29 23:38:13 [main] INFO  org.testng.internal.Utils - [Utils] MethodGroupsHelper.sortMethods() took 0 ms.
""2026-04-29 23:38:13 [main] INFO  org.testng.internal.Utils - [Utils] MethodGroupsHelper.collectMethodsByGroup() took 0 ms.
""2026-04-29 23:38:13 [main] INFO  org.testng.internal.Utils - [Utils] MethodGroupsHelper.sortMethods() took 0 ms.
""2026-04-29 23:38:13 [main] INFO  org.testng.internal.Utils - [TestNG] Running:
  C:\Users\Aishw\AppData\Local\Temp\testng-eclipse--1568435520\testng-customsuite.xml

""2026-04-29 23:38:13 [main] INFO  org.testng.internal.Utils - [Utils] DynamicGraphHelper.createDynamicGraph() took 2 ms.
""2026-04-29 23:38:25 [main] INFO  org.testng.internal.Utils - [TestNG] Time taken by org.testng.reporters.jq.Main@102c577f: 44 ms
""2026-04-29 23:38:25 [main] INFO  org.testng.internal.Utils - [TestNG] Time taken by org.testng.reporters.FailedReporter@1716e8c5: 1 ms
""2026-04-29 23:38:25 [main] INFO  org.testng.internal.Utils - [TestNG] Time taken by org.testng.reporters.XMLReporter@1859e2a4: 7 ms
""2026-04-29 23:38:25 [main] INFO  org.testng.internal.Utils - [TestNG] Time taken by org.testng.reporters.EmailableReporter2@2f4c2cd4: 6 ms
""2026-04-29 23:38:25 [main] INFO  org.testng.internal.Utils - [TestNG] Time taken by org.testng.reporters.JUnitReportReporter@1dc3502b: 3 ms
""2026-04-29 23:38:25 [main] INFO  org.testng.internal.Utils - [TestNG] Time taken by org.testng.internal.ExitCodeListener@6a1d3225: 0 ms
""2026-04-29 23:39:05 [main] INFO  org.testng.internal.Utils - [Utils] MethodGroupsHelper.collectMethodsByGroup() took 5 ms.
""2026-04-29 23:39:05 [main] INFO  org.testng.internal.Utils - [Utils] MethodGroupsHelper.sortMethods() took 4 ms.
""2026-04-29 23:39:05 [main] INFO  org.testng.internal.Utils - [Utils] MethodGroupsHelper.collectMethodsByGroup() took 0 ms.
""2026-04-29 23:39:05 [main] INFO  org.testng.internal.Utils - [Utils] MethodGroupsHelper.sortMethods() took 0 ms.
""2026-04-29 23:39:05 [main] INFO  org.testng.internal.Utils - [Utils] MethodGroupsHelper.collectMethodsByGroup() took 0 ms.
""2026-04-29 23:39:05 [main] INFO  org.testng.internal.Utils - [Utils] MethodGroupsHelper.sortMethods() took 0 ms.
""2026-04-29 23:39:05 [main] INFO  org.testng.internal.Utils - [Utils] MethodGroupsHelper.collectMethodsByGroup() took 0 ms.
""2026-04-29 23:39:05 [main] INFO  org.testng.internal.Utils - [Utils] MethodGroupsHelper.sortMethods() took 0 ms.
""2026-04-29 23:39:05 [main] INFO  org.testng.internal.Utils - [Utils] MethodGroupsHelper.collectMethodsByGroup() took 0 ms.
""2026-04-29 23:39:05 [main] INFO  org.testng.internal.Utils - [Utils] MethodGroupsHelper.sortMethods() took 0 ms.
""2026-04-29 23:39:05 [main] INFO  org.testng.internal.Utils - [Utils] MethodGroupsHelper.collectMethodsByGroup() took 0 ms.
""2026-04-29 23:39:05 [main] INFO  org.testng.internal.Utils - [Utils] MethodGroupsHelper.sortMethods() took 0 ms.
""2026-04-29 23:39:05 [main] INFO  org.testng.internal.Utils - [Utils] MethodGroupsHelper.collectMethodsByGroup() took 0 ms.
""2026-04-29 23:39:05 [main] INFO  org.testng.internal.Utils - [Utils] MethodGroupsHelper.sortMethods() took 0 ms.
""2026-04-29 23:39:05 [main] INFO  org.testng.internal.Utils - [Utils] MethodGroupsHelper.collectMethodsByGroup() took 0 ms.
""2026-04-29 23:39:05 [main] INFO  org.testng.internal.Utils - [Utils] MethodGroupsHelper.sortMethods() took 0 ms.
""2026-04-29 23:39:05 [main] INFO  org.testng.internal.Utils - [Utils] MethodGroupsHelper.collectMethodsByGroup() took 0 ms.
""2026-04-29 23:39:05 [main] INFO  org.testng.internal.Utils - [Utils] MethodGroupsHelper.sortMethods() took 0 ms.
""2026-04-29 23:39:05 [main] INFO  org.testng.internal.Utils - [Utils] MethodGroupsHelper.collectMethodsByGroup() took 1 ms.
""2026-04-29 23:39:05 [main] INFO  org.testng.internal.Utils - [Utils] MethodGroupsHelper.sortMethods() took 0 ms.
""2026-04-29 23:39:05 [main] INFO  org.testng.internal.Utils - [Utils] MethodGroupsHelper.collectMethodsByGroup() took 0 ms.
""2026-04-29 23:39:05 [main] INFO  org.testng.internal.Utils - [Utils] MethodGroupsHelper.sortMethods() took 0 ms.
""2026-04-29 23:39:05 [main] INFO  org.testng.internal.Utils - [Utils] MethodGroupsHelper.collectMethodsByGroup() took 0 ms.
""2026-04-29 23:39:05 [main] INFO  org.testng.internal.Utils - [Utils] MethodGroupsHelper.sortMethods() took 0 ms.
""2026-04-29 23:39:05 [main] INFO  org.testng.internal.Utils - [Utils] MethodGroupsHelper.collectMethodsByGroup() took 0 ms.
""2026-04-29 23:39:05 [main] INFO  org.testng.internal.Utils - [Utils] MethodGroupsHelper.sortMethods() took 2 ms.
""2026-04-29 23:39:05 [main] INFO  org.testng.internal.Utils - [Utils] MethodGroupsHelper.collectMethodsByGroup() took 0 ms.
""2026-04-29 23:39:05 [main] INFO  org.testng.internal.Utils - [Utils] MethodGroupsHelper.sortMethods() took 0 ms.
""2026-04-29 23:39:05 [main] INFO  org.testng.internal.Utils - [Utils] MethodGroupsHelper.collectMethodsByGroup() took 0 ms.
""2026-04-29 23:39:05 [main] INFO  org.testng.internal.Utils - [Utils] MethodGroupsHelper.sortMethods() took 0 ms.
""2026-04-29 23:39:05 [main] INFO  org.testng.internal.Utils - [TestNG] Running:
  C:\Users\Aishw\AppData\Local\Temp\testng-eclipse--1367303791\testng-customsuite.xml

""2026-04-29 23:39:05 [main] INFO  org.testng.internal.Utils - [Utils] DynamicGraphHelper.createDynamicGraph() took 3 ms.
""2026-04-29 23:39:27 [main] INFO  org.testng.internal.Utils - [TestNG] Time taken by org.testng.reporters.jq.Main@181b8c4b: 39 ms
""2026-04-29 23:39:27 [main] INFO  org.testng.internal.Utils - [TestNG] Time taken by org.testng.reporters.FailedReporter@15b642b9: 1 ms
""2026-04-29 23:39:27 [main] INFO  org.testng.internal.Utils - [TestNG] Time taken by org.testng.reporters.XMLReporter@2f897dab: 5 ms
""2026-04-29 23:39:27 [main] INFO  org.testng.internal.Utils - [TestNG] Time taken by org.testng.reporters.EmailableReporter2@1cc680e: 5 ms
""2026-04-29 23:39:27 [main] INFO  org.testng.internal.Utils - [TestNG] Time taken by org.testng.reporters.JUnitReportReporter@6f94fb9d: 4 ms
""2026-04-29 23:39:27 [main] INFO  org.testng.internal.Utils - [TestNG] Time taken by org.testng.internal.ExitCodeListener@17fa1336: 0 ms
""2026-04-29 23:39:45 [main] INFO  org.testng.internal.Utils - [Utils] MethodGroupsHelper.collectMethodsByGroup() took 6 ms.
""2026-04-29 23:39:45 [main] INFO  org.testng.internal.Utils - [Utils] MethodGroupsHelper.sortMethods() took 8 ms.
""2026-04-29 23:39:45 [main] INFO  org.testng.internal.Utils - [Utils] MethodGroupsHelper.collectMethodsByGroup() took 0 ms.
""2026-04-29 23:39:45 [main] INFO  org.testng.internal.Utils - [Utils] MethodGroupsHelper.sortMethods() took 0 ms.
""2026-04-29 23:39:45 [main] INFO  org.testng.internal.Utils - [Utils] MethodGroupsHelper.collectMethodsByGroup() took 0 ms.
""2026-04-29 23:39:45 [main] INFO  org.testng.internal.Utils - [Utils] MethodGroupsHelper.sortMethods() took 0 ms.
""2026-04-29 23:39:45 [main] INFO  org.testng.internal.Utils - [Utils] MethodGroupsHelper.collectMethodsByGroup() took 0 ms.
""2026-04-29 23:39:45 [main] INFO  org.testng.internal.Utils - [Utils] MethodGroupsHelper.sortMethods() took 0 ms.
""2026-04-29 23:39:45 [main] INFO  org.testng.internal.Utils - [Utils] MethodGroupsHelper.collectMethodsByGroup() took 0 ms.
""2026-04-29 23:39:45 [main] INFO  org.testng.internal.Utils - [Utils] MethodGroupsHelper.sortMethods() took 0 ms.
""2026-04-29 23:39:45 [main] INFO  org.testng.internal.Utils - [Utils] MethodGroupsHelper.collectMethodsByGroup() took 0 ms.
""2026-04-29 23:39:45 [main] INFO  org.testng.internal.Utils - [Utils] MethodGroupsHelper.sortMethods() took 0 ms.
""2026-04-29 23:39:45 [main] INFO  org.testng.internal.Utils - [Utils] MethodGroupsHelper.collectMethodsByGroup() took 0 ms.
""2026-04-29 23:39:45 [main] INFO  org.testng.internal.Utils - [Utils] MethodGroupsHelper.sortMethods() took 0 ms.
""2026-04-29 23:39:45 [main] INFO  org.testng.internal.Utils - [Utils] MethodGroupsHelper.collectMethodsByGroup() took 0 ms.
""2026-04-29 23:39:45 [main] INFO  org.testng.internal.Utils - [Utils] MethodGroupsHelper.sortMethods() took 0 ms.
""2026-04-29 23:39:45 [main] INFO  org.testng.internal.Utils - [Utils] MethodGroupsHelper.collectMethodsByGroup() took 0 ms.
""2026-04-29 23:39:45 [main] INFO  org.testng.internal.Utils - [Utils] MethodGroupsHelper.sortMethods() took 0 ms.
""2026-04-29 23:39:45 [main] INFO  org.testng.internal.Utils - [Utils] MethodGroupsHelper.collectMethodsByGroup() took 0 ms.
""2026-04-29 23:39:45 [main] INFO  org.testng.internal.Utils - [Utils] MethodGroupsHelper.sortMethods() took 1 ms.
""2026-04-29 23:39:45 [main] INFO  org.testng.internal.Utils - [Utils] MethodGroupsHelper.collectMethodsByGroup() took 0 ms.
""2026-04-29 23:39:45 [main] INFO  org.testng.internal.Utils - [Utils] MethodGroupsHelper.sortMethods() took 0 ms.
""2026-04-29 23:39:45 [main] INFO  org.testng.internal.Utils - [Utils] MethodGroupsHelper.collectMethodsByGroup() took 0 ms.
""2026-04-29 23:39:45 [main] INFO  org.testng.internal.Utils - [Utils] MethodGroupsHelper.sortMethods() took 0 ms.
""2026-04-29 23:39:45 [main] INFO  org.testng.internal.Utils - [Utils] MethodGroupsHelper.collectMethodsByGroup() took 0 ms.
""2026-04-29 23:39:45 [main] INFO  org.testng.internal.Utils - [Utils] MethodGroupsHelper.sortMethods() took 2 ms.
""2026-04-29 23:39:45 [main] INFO  org.testng.internal.Utils - [Utils] MethodGroupsHelper.collectMethodsByGroup() took 0 ms.
""2026-04-29 23:39:45 [main] INFO  org.testng.internal.Utils - [Utils] MethodGroupsHelper.sortMethods() took 0 ms.
""2026-04-29 23:39:45 [main] INFO  org.testng.internal.Utils - [Utils] MethodGroupsHelper.collectMethodsByGroup() took 1 ms.
""2026-04-29 23:39:45 [main] INFO  org.testng.internal.Utils - [Utils] MethodGroupsHelper.sortMethods() took 0 ms.
""2026-04-29 23:39:45 [main] INFO  org.testng.internal.Utils - [TestNG] Running:
  C:\Users\Aishw\AppData\Local\Temp\testng-eclipse--110267837\testng-customsuite.xml

""2026-04-29 23:39:46 [main] INFO  org.testng.internal.Utils - [Utils] DynamicGraphHelper.createDynamicGraph() took 2 ms.
""2026-04-29 23:40:07 [main] INFO  org.testng.internal.Utils - [TestNG] Time taken by org.testng.reporters.jq.Main@181b8c4b: 39 ms
""2026-04-29 23:40:07 [main] INFO  org.testng.internal.Utils - [TestNG] Time taken by org.testng.reporters.FailedReporter@15b642b9: 1 ms
""2026-04-29 23:40:07 [main] INFO  org.testng.internal.Utils - [TestNG] Time taken by org.testng.reporters.XMLReporter@2f897dab: 10 ms
""2026-04-29 23:40:07 [main] INFO  org.testng.internal.Utils - [TestNG] Time taken by org.testng.reporters.EmailableReporter2@1cc680e: 7 ms
""2026-04-29 23:40:07 [main] INFO  org.testng.internal.Utils - [TestNG] Time taken by org.testng.reporters.JUnitReportReporter@6f94fb9d: 3 ms
""2026-04-29 23:40:07 [main] INFO  org.testng.internal.Utils - [TestNG] Time taken by org.testng.internal.ExitCodeListener@17fa1336: 0 ms
""2026-04-29 23:56:08 [main] INFO  org.testng.internal.Utils - [Utils] MethodGroupsHelper.collectMethodsByGroup() took 5 ms.
""2026-04-29 23:56:08 [main] INFO  org.testng.internal.Utils - [Utils] MethodGroupsHelper.sortMethods() took 6 ms.
""2026-04-29 23:56:08 [main] INFO  org.testng.internal.Utils - [Utils] MethodGroupsHelper.collectMethodsByGroup() took 1 ms.
""2026-04-29 23:56:08 [main] INFO  org.testng.internal.Utils - [Utils] MethodGroupsHelper.sortMethods() took 0 ms.
""2026-04-29 23:56:08 [main] INFO  org.testng.internal.Utils - [Utils] MethodGroupsHelper.collectMethodsByGroup() took 0 ms.
""2026-04-29 23:56:08 [main] INFO  org.testng.internal.Utils - [Utils] MethodGroupsHelper.sortMethods() took 0 ms.
""2026-04-29 23:56:08 [main] INFO  org.testng.internal.Utils - [Utils] MethodGroupsHelper.collectMethodsByGroup() took 0 ms.
""2026-04-29 23:56:08 [main] INFO  org.testng.internal.Utils - [Utils] MethodGroupsHelper.sortMethods() took 0 ms.
""2026-04-29 23:56:08 [main] INFO  org.testng.internal.Utils - [Utils] MethodGroupsHelper.collectMethodsByGroup() took 0 ms.
""2026-04-29 23:56:08 [main] INFO  org.testng.internal.Utils - [Utils] MethodGroupsHelper.sortMethods() took 0 ms.
""2026-04-29 23:56:08 [main] INFO  org.testng.internal.Utils - [Utils] MethodGroupsHelper.collectMethodsByGroup() took 0 ms.
""2026-04-29 23:56:08 [main] INFO  org.testng.internal.Utils - [Utils] MethodGroupsHelper.sortMethods() took 0 ms.
""2026-04-29 23:56:08 [main] INFO  org.testng.internal.Utils - [Utils] MethodGroupsHelper.collectMethodsByGroup() took 0 ms.
""2026-04-29 23:56:08 [main] INFO  org.testng.internal.Utils - [Utils] MethodGroupsHelper.sortMethods() took 0 ms.
""2026-04-29 23:56:08 [main] INFO  org.testng.internal.Utils - [Utils] MethodGroupsHelper.collectMethodsByGroup() took 0 ms.
""2026-04-29 23:56:08 [main] INFO  org.testng.internal.Utils - [Utils] MethodGroupsHelper.sortMethods() took 0 ms.
""2026-04-29 23:56:08 [main] INFO  org.testng.internal.Utils - [Utils] MethodGroupsHelper.collectMethodsByGroup() took 1 ms.
""2026-04-29 23:56:08 [main] INFO  org.testng.internal.Utils - [Utils] MethodGroupsHelper.sortMethods() took 0 ms.
""2026-04-29 23:56:08 [main] INFO  org.testng.internal.Utils - [Utils] MethodGroupsHelper.collectMethodsByGroup() took 1 ms.
""2026-04-29 23:56:08 [main] INFO  org.testng.internal.Utils - [Utils] MethodGroupsHelper.sortMethods() took 0 ms.
""2026-04-29 23:56:08 [main] INFO  org.testng.internal.Utils - [Utils] MethodGroupsHelper.collectMethodsByGroup() took 1 ms.
""2026-04-29 23:56:08 [main] INFO  org.testng.internal.Utils - [Utils] MethodGroupsHelper.sortMethods() took 0 ms.
""2026-04-29 23:56:08 [main] INFO  org.testng.internal.Utils - [Utils] MethodGroupsHelper.collectMethodsByGroup() took 0 ms.
""2026-04-29 23:56:08 [main] INFO  org.testng.internal.Utils - [Utils] MethodGroupsHelper.sortMethods() took 0 ms.
""2026-04-29 23:56:08 [main] INFO  org.testng.internal.Utils - [Utils] MethodGroupsHelper.collectMethodsByGroup() took 0 ms.
""2026-04-29 23:56:08 [main] INFO  org.testng.internal.Utils - [Utils] MethodGroupsHelper.sortMethods() took 3 ms.
""2026-04-29 23:56:08 [main] INFO  org.testng.internal.Utils - [Utils] MethodGroupsHelper.collectMethodsByGroup() took 0 ms.
""2026-04-29 23:56:08 [main] INFO  org.testng.internal.Utils - [Utils] MethodGroupsHelper.sortMethods() took 0 ms.
""2026-04-29 23:56:08 [main] INFO  org.testng.internal.Utils - [Utils] MethodGroupsHelper.collectMethodsByGroup() took 0 ms.
""2026-04-29 23:56:08 [main] INFO  org.testng.internal.Utils - [Utils] MethodGroupsHelper.sortMethods() took 0 ms.
""2026-04-29 23:56:08 [main] INFO  org.testng.internal.Utils - [TestNG] Running:
  C:\Users\Aishw\AppData\Local\Temp\testng-eclipse-1136108994\testng-customsuite.xml

""2026-04-29 23:56:08 [main] INFO  org.testng.internal.Utils - [Utils] DynamicGraphHelper.createDynamicGraph() took 3 ms.
""2026-04-29 23:56:35 [main] INFO  org.testng.internal.Utils - [TestNG] Time taken by org.testng.reporters.jq.Main@2fcd7d3f: 38 ms
""2026-04-29 23:56:35 [main] INFO  org.testng.internal.Utils - [TestNG] Time taken by org.testng.reporters.FailedReporter@6ae62c7e: 1 ms
""2026-04-29 23:56:35 [main] INFO  org.testng.internal.Utils - [TestNG] Time taken by org.testng.reporters.XMLReporter@512575e9: 8 ms
""2026-04-29 23:56:35 [main] INFO  org.testng.internal.Utils - [TestNG] Time taken by org.testng.reporters.EmailableReporter2@67064bdc: 8 ms
""2026-04-29 23:56:35 [main] INFO  org.testng.internal.Utils - [TestNG] Time taken by org.testng.reporters.JUnitReportReporter@480ad82c: 4 ms
""2026-04-29 23:56:35 [main] INFO  org.testng.internal.Utils - [TestNG] Time taken by org.testng.internal.ExitCodeListener@4d18b73a: 0 ms
""2026-04-29 23:57:37 [main] INFO  org.testng.internal.Utils - [Utils] MethodGroupsHelper.collectMethodsByGroup() took 5 ms.
""2026-04-29 23:57:37 [main] INFO  org.testng.internal.Utils - [Utils] MethodGroupsHelper.sortMethods() took 7 ms.
""2026-04-29 23:57:37 [main] INFO  org.testng.internal.Utils - [Utils] MethodGroupsHelper.collectMethodsByGroup() took 0 ms.
""2026-04-29 23:57:37 [main] INFO  org.testng.internal.Utils - [Utils] MethodGroupsHelper.sortMethods() took 0 ms.
""2026-04-29 23:57:37 [main] INFO  org.testng.internal.Utils - [Utils] MethodGroupsHelper.collectMethodsByGroup() took 0 ms.
""2026-04-29 23:57:37 [main] INFO  org.testng.internal.Utils - [Utils] MethodGroupsHelper.sortMethods() took 0 ms.
""2026-04-29 23:57:37 [main] INFO  org.testng.internal.Utils - [Utils] MethodGroupsHelper.collectMethodsByGroup() took 0 ms.
""2026-04-29 23:57:37 [main] INFO  org.testng.internal.Utils - [Utils] MethodGroupsHelper.sortMethods() took 0 ms.
""2026-04-29 23:57:37 [main] INFO  org.testng.internal.Utils - [Utils] MethodGroupsHelper.collectMethodsByGroup() took 0 ms.
""2026-04-29 23:57:37 [main] INFO  org.testng.internal.Utils - [Utils] MethodGroupsHelper.sortMethods() took 0 ms.
""2026-04-29 23:57:37 [main] INFO  org.testng.internal.Utils - [Utils] MethodGroupsHelper.collectMethodsByGroup() took 0 ms.
""2026-04-29 23:57:37 [main] INFO  org.testng.internal.Utils - [Utils] MethodGroupsHelper.sortMethods() took 0 ms.
""2026-04-29 23:57:37 [main] INFO  org.testng.internal.Utils - [Utils] MethodGroupsHelper.collectMethodsByGroup() took 0 ms.
""2026-04-29 23:57:37 [main] INFO  org.testng.internal.Utils - [Utils] MethodGroupsHelper.sortMethods() took 0 ms.
""2026-04-29 23:57:37 [main] INFO  org.testng.internal.Utils - [Utils] MethodGroupsHelper.collectMethodsByGroup() took 0 ms.
""2026-04-29 23:57:37 [main] INFO  org.testng.internal.Utils - [Utils] MethodGroupsHelper.sortMethods() took 0 ms.
""2026-04-29 23:57:37 [main] INFO  org.testng.internal.Utils - [Utils] MethodGroupsHelper.collectMethodsByGroup() took 1 ms.
""2026-04-29 23:57:37 [main] INFO  org.testng.internal.Utils - [Utils] MethodGroupsHelper.sortMethods() took 0 ms.
""2026-04-29 23:57:37 [main] INFO  org.testng.internal.Utils - [Utils] MethodGroupsHelper.collectMethodsByGroup() took 1 ms.
""2026-04-29 23:57:37 [main] INFO  org.testng.internal.Utils - [Utils] MethodGroupsHelper.sortMethods() took 0 ms.
""2026-04-29 23:57:37 [main] INFO  org.testng.internal.Utils - [Utils] MethodGroupsHelper.collectMethodsByGroup() took 0 ms.
""2026-04-29 23:57:37 [main] INFO  org.testng.internal.Utils - [Utils] MethodGroupsHelper.sortMethods() took 0 ms.
""2026-04-29 23:57:37 [main] INFO  org.testng.internal.Utils - [Utils] MethodGroupsHelper.collectMethodsByGroup() took 0 ms.
""2026-04-29 23:57:37 [main] INFO  org.testng.internal.Utils - [Utils] MethodGroupsHelper.sortMethods() took 0 ms.
""2026-04-29 23:57:37 [main] INFO  org.testng.internal.Utils - [Utils] MethodGroupsHelper.collectMethodsByGroup() took 0 ms.
""2026-04-29 23:57:37 [main] INFO  org.testng.internal.Utils - [Utils] MethodGroupsHelper.sortMethods() took 3 ms.
""2026-04-29 23:57:37 [main] INFO  org.testng.internal.Utils - [Utils] MethodGroupsHelper.collectMethodsByGroup() took 0 ms.
""2026-04-29 23:57:37 [main] INFO  org.testng.internal.Utils - [Utils] MethodGroupsHelper.sortMethods() took 0 ms.
""2026-04-29 23:57:37 [main] INFO  org.testng.internal.Utils - [Utils] MethodGroupsHelper.collectMethodsByGroup() took 0 ms.
""2026-04-29 23:57:37 [main] INFO  org.testng.internal.Utils - [Utils] MethodGroupsHelper.sortMethods() took 0 ms.
""2026-04-29 23:57:37 [main] INFO  org.testng.internal.Utils - [TestNG] Running:
  C:\Users\Aishw\AppData\Local\Temp\testng-eclipse--1109530774\testng-customsuite.xml

""2026-04-29 23:57:37 [main] INFO  org.testng.internal.Utils - [Utils] DynamicGraphHelper.createDynamicGraph() took 2 ms.
""2026-04-29 23:57:53 [main] INFO  org.testng.internal.Utils - [TestNG] Time taken by org.testng.reporters.jq.Main@2100d047: 42 ms
""2026-04-29 23:57:53 [main] INFO  org.testng.internal.Utils - [TestNG] Time taken by org.testng.reporters.FailedReporter@176f7f3b: 1 ms
""2026-04-29 23:57:53 [main] INFO  org.testng.internal.Utils - [TestNG] Time taken by org.testng.reporters.XMLReporter@1caa9eb6: 8 ms
""2026-04-29 23:57:53 [main] INFO  org.testng.internal.Utils - [TestNG] Time taken by org.testng.reporters.EmailableReporter2@15405bd6: 5 ms
""2026-04-29 23:57:53 [main] INFO  org.testng.internal.Utils - [TestNG] Time taken by org.testng.reporters.JUnitReportReporter@2373ad99: 3 ms
""2026-04-29 23:57:53 [main] INFO  org.testng.internal.Utils - [TestNG] Time taken by org.testng.internal.ExitCodeListener@33634f04: 0 ms
""2026-04-29 23:58:20 [main] INFO  org.testng.internal.Utils - [Utils] MethodGroupsHelper.collectMethodsByGroup() took 4 ms.
""2026-04-29 23:58:20 [main] INFO  org.testng.internal.Utils - [Utils] MethodGroupsHelper.sortMethods() took 5 ms.
""2026-04-29 23:58:20 [main] INFO  org.testng.internal.Utils - [Utils] MethodGroupsHelper.collectMethodsByGroup() took 1 ms.
""2026-04-29 23:58:20 [main] INFO  org.testng.internal.Utils - [Utils] MethodGroupsHelper.sortMethods() took 0 ms.
""2026-04-29 23:58:20 [main] INFO  org.testng.internal.Utils - [Utils] MethodGroupsHelper.collectMethodsByGroup() took 0 ms.
""2026-04-29 23:58:20 [main] INFO  org.testng.internal.Utils - [Utils] MethodGroupsHelper.sortMethods() took 0 ms.
""2026-04-29 23:58:20 [main] INFO  org.testng.internal.Utils - [Utils] MethodGroupsHelper.collectMethodsByGroup() took 0 ms.
""2026-04-29 23:58:20 [main] INFO  org.testng.internal.Utils - [Utils] MethodGroupsHelper.sortMethods() took 0 ms.
""2026-04-29 23:58:20 [main] INFO  org.testng.internal.Utils - [Utils] MethodGroupsHelper.collectMethodsByGroup() took 0 ms.
""2026-04-29 23:58:20 [main] INFO  org.testng.internal.Utils - [Utils] MethodGroupsHelper.sortMethods() took 0 ms.
""2026-04-29 23:58:20 [main] INFO  org.testng.internal.Utils - [Utils] MethodGroupsHelper.collectMethodsByGroup() took 0 ms.
""2026-04-29 23:58:20 [main] INFO  org.testng.internal.Utils - [Utils] MethodGroupsHelper.sortMethods() took 0 ms.
""2026-04-29 23:58:20 [main] INFO  org.testng.internal.Utils - [Utils] MethodGroupsHelper.collectMethodsByGroup() took 0 ms.
""2026-04-29 23:58:20 [main] INFO  org.testng.internal.Utils - [Utils] MethodGroupsHelper.sortMethods() took 0 ms.
""2026-04-29 23:58:20 [main] INFO  org.testng.internal.Utils - [Utils] MethodGroupsHelper.collectMethodsByGroup() took 0 ms.
""2026-04-29 23:58:20 [main] INFO  org.testng.internal.Utils - [Utils] MethodGroupsHelper.sortMethods() took 0 ms.
""2026-04-29 23:58:20 [main] INFO  org.testng.internal.Utils - [Utils] MethodGroupsHelper.collectMethodsByGroup() took 0 ms.
""2026-04-29 23:58:20 [main] INFO  org.testng.internal.Utils - [Utils] MethodGroupsHelper.sortMethods() took 0 ms.
""2026-04-29 23:58:20 [main] INFO  org.testng.internal.Utils - [Utils] MethodGroupsHelper.collectMethodsByGroup() took 0 ms.
""2026-04-29 23:58:20 [main] INFO  org.testng.internal.Utils - [Utils] MethodGroupsHelper.sortMethods() took 0 ms.
""2026-04-29 23:58:20 [main] INFO  org.testng.internal.Utils - [Utils] MethodGroupsHelper.collectMethodsByGroup() took 1 ms.
""2026-04-29 23:58:20 [main] INFO  org.testng.internal.Utils - [Utils] MethodGroupsHelper.sortMethods() took 0 ms.
""2026-04-29 23:58:20 [main] INFO  org.testng.internal.Utils - [Utils] MethodGroupsHelper.collectMethodsByGroup() took 0 ms.
""2026-04-29 23:58:20 [main] INFO  org.testng.internal.Utils - [Utils] MethodGroupsHelper.sortMethods() took 0 ms.
""2026-04-29 23:58:20 [main] INFO  org.testng.internal.Utils - [Utils] MethodGroupsHelper.collectMethodsByGroup() took 0 ms.
""2026-04-29 23:58:20 [main] INFO  org.testng.internal.Utils - [Utils] MethodGroupsHelper.sortMethods() took 3 ms.
""2026-04-29 23:58:20 [main] INFO  org.testng.internal.Utils - [Utils] MethodGroupsHelper.collectMethodsByGroup() took 0 ms.
""2026-04-29 23:58:20 [main] INFO  org.testng.internal.Utils - [Utils] MethodGroupsHelper.sortMethods() took 0 ms.
""2026-04-29 23:58:20 [main] INFO  org.testng.internal.Utils - [Utils] MethodGroupsHelper.collectMethodsByGroup() took 0 ms.
""2026-04-29 23:58:20 [main] INFO  org.testng.internal.Utils - [Utils] MethodGroupsHelper.sortMethods() took 0 ms.
""2026-04-29 23:58:20 [main] INFO  org.testng.internal.Utils - [TestNG] Running:
  C:\Users\Aishw\AppData\Local\Temp\testng-eclipse--974407289\testng-customsuite.xml

""2026-04-29 23:58:21 [main] INFO  org.testng.internal.Utils - [Utils] DynamicGraphHelper.createDynamicGraph() took 5 ms.
""2026-04-29 23:58:50 [main] INFO  org.testng.internal.Utils - [TestNG] Time taken by org.testng.reporters.jq.Main@2fcd7d3f: 43 ms
""2026-04-29 23:58:50 [main] INFO  org.testng.internal.Utils - [TestNG] Time taken by org.testng.reporters.FailedReporter@6ae62c7e: 1 ms
""2026-04-29 23:58:50 [main] INFO  org.testng.internal.Utils - [TestNG] Time taken by org.testng.reporters.XMLReporter@512575e9: 6 ms
""2026-04-29 23:58:50 [main] INFO  org.testng.internal.Utils - [TestNG] Time taken by org.testng.reporters.EmailableReporter2@67064bdc: 4 ms
""2026-04-29 23:58:50 [main] INFO  org.testng.internal.Utils - [TestNG] Time taken by org.testng.reporters.JUnitReportReporter@480ad82c: 3 ms
""2026-04-29 23:58:50 [main] INFO  org.testng.internal.Utils - [TestNG] Time taken by org.testng.internal.ExitCodeListener@4d18b73a: 0 ms
""2026-04-30 00:01:28 [main] INFO  org.testng.internal.Utils - [Utils] MethodGroupsHelper.collectMethodsByGroup() took 6 ms.
""2026-04-30 00:01:28 [main] INFO  org.testng.internal.Utils - [Utils] MethodGroupsHelper.sortMethods() took 8 ms.
""2026-04-30 00:01:28 [main] INFO  org.testng.internal.Utils - [Utils] MethodGroupsHelper.collectMethodsByGroup() took 0 ms.
""2026-04-30 00:01:28 [main] INFO  org.testng.internal.Utils - [Utils] MethodGroupsHelper.sortMethods() took 0 ms.
""2026-04-30 00:01:28 [main] INFO  org.testng.internal.Utils - [Utils] MethodGroupsHelper.collectMethodsByGroup() took 0 ms.
""2026-04-30 00:01:28 [main] INFO  org.testng.internal.Utils - [Utils] MethodGroupsHelper.sortMethods() took 0 ms.
""2026-04-30 00:01:28 [main] INFO  org.testng.internal.Utils - [Utils] MethodGroupsHelper.collectMethodsByGroup() took 0 ms.
""2026-04-30 00:01:28 [main] INFO  org.testng.internal.Utils - [Utils] MethodGroupsHelper.sortMethods() took 0 ms.
""2026-04-30 00:01:28 [main] INFO  org.testng.internal.Utils - [Utils] MethodGroupsHelper.collectMethodsByGroup() took 0 ms.
""2026-04-30 00:01:28 [main] INFO  org.testng.internal.Utils - [Utils] MethodGroupsHelper.sortMethods() took 0 ms.
""2026-04-30 00:01:28 [main] INFO  org.testng.internal.Utils - [Utils] MethodGroupsHelper.collectMethodsByGroup() took 0 ms.
""2026-04-30 00:01:28 [main] INFO  org.testng.internal.Utils - [Utils] MethodGroupsHelper.sortMethods() took 0 ms.
""2026-04-30 00:01:28 [main] INFO  org.testng.internal.Utils - [Utils] MethodGroupsHelper.collectMethodsByGroup() took 0 ms.
""2026-04-30 00:01:28 [main] INFO  org.testng.internal.Utils - [Utils] MethodGroupsHelper.sortMethods() took 0 ms.
""2026-04-30 00:01:28 [main] INFO  org.testng.internal.Utils - [Utils] MethodGroupsHelper.collectMethodsByGroup() took 0 ms.
""2026-04-30 00:01:28 [main] INFO  org.testng.internal.Utils - [Utils] MethodGroupsHelper.sortMethods() took 0 ms.
""2026-04-30 00:01:28 [main] INFO  org.testng.internal.Utils - [Utils] MethodGroupsHelper.collectMethodsByGroup() took 0 ms.
""2026-04-30 00:01:28 [main] INFO  org.testng.internal.Utils - [Utils] MethodGroupsHelper.sortMethods() took 0 ms.
""2026-04-30 00:01:28 [main] INFO  org.testng.internal.Utils - [Utils] MethodGroupsHelper.collectMethodsByGroup() took 1 ms.
""2026-04-30 00:01:28 [main] INFO  org.testng.internal.Utils - [Utils] MethodGroupsHelper.sortMethods() took 0 ms.
""2026-04-30 00:01:28 [main] INFO  org.testng.internal.Utils - [Utils] MethodGroupsHelper.collectMethodsByGroup() took 0 ms.
""2026-04-30 00:01:28 [main] INFO  org.testng.internal.Utils - [Utils] MethodGroupsHelper.sortMethods() took 0 ms.
""2026-04-30 00:01:28 [main] INFO  org.testng.internal.Utils - [Utils] MethodGroupsHelper.collectMethodsByGroup() took 0 ms.
""2026-04-30 00:01:28 [main] INFO  org.testng.internal.Utils - [Utils] MethodGroupsHelper.sortMethods() took 0 ms.
""2026-04-30 00:01:28 [main] INFO  org.testng.internal.Utils - [Utils] MethodGroupsHelper.collectMethodsByGroup() took 0 ms.
""2026-04-30 00:01:28 [main] INFO  org.testng.internal.Utils - [Utils] MethodGroupsHelper.sortMethods() took 2 ms.
""2026-04-30 00:01:28 [main] INFO  org.testng.internal.Utils - [Utils] MethodGroupsHelper.collectMethodsByGroup() took 0 ms.
""2026-04-30 00:01:28 [main] INFO  org.testng.internal.Utils - [Utils] MethodGroupsHelper.sortMethods() took 0 ms.
""2026-04-30 00:01:28 [main] INFO  org.testng.internal.Utils - [Utils] MethodGroupsHelper.collectMethodsByGroup() took 0 ms.
""2026-04-30 00:01:28 [main] INFO  org.testng.internal.Utils - [Utils] MethodGroupsHelper.sortMethods() took 0 ms.
""2026-04-30 00:01:28 [main] INFO  org.testng.internal.Utils - [TestNG] Running:
  C:\Users\Aishw\AppData\Local\Temp\testng-eclipse-1417054480\testng-customsuite.xml

""2026-04-30 00:01:29 [main] INFO  org.testng.internal.Utils - [Utils] DynamicGraphHelper.createDynamicGraph() took 2 ms.
""2026-04-30 00:01:45 [main] INFO  org.testng.internal.Utils - [TestNG] Time taken by org.testng.reporters.jq.Main@5de6cf3a: 46 ms
""2026-04-30 00:01:45 [main] INFO  org.testng.internal.Utils - [TestNG] Time taken by org.testng.reporters.FailedReporter@2100d047: 1 ms
""2026-04-30 00:01:45 [main] INFO  org.testng.internal.Utils - [TestNG] Time taken by org.testng.reporters.XMLReporter@37468787: 5 ms
""2026-04-30 00:01:45 [main] INFO  org.testng.internal.Utils - [TestNG] Time taken by org.testng.reporters.EmailableReporter2@7e0bc8a3: 4 ms
""2026-04-30 00:01:45 [main] INFO  org.testng.internal.Utils - [TestNG] Time taken by org.testng.reporters.JUnitReportReporter@12704e15: 3 ms
""2026-04-30 00:01:45 [main] INFO  org.testng.internal.Utils - [TestNG] Time taken by org.testng.internal.ExitCodeListener@512575e9: 0 ms
""2026-04-30 23:22:26 [main] INFO  org.testng.internal.Utils - [Utils] MethodGroupsHelper.collectMethodsByGroup() took 0 ms.
""2026-04-30 23:22:26 [main] INFO  org.testng.internal.Utils - [Utils] MethodGroupsHelper.sortMethods() took 1 ms.
""2026-04-30 23:22:26 [main] INFO  org.testng.internal.Utils - [Utils] MethodGroupsHelper.collectMethodsByGroup() took 0 ms.
""2026-04-30 23:22:26 [main] INFO  org.testng.internal.Utils - [Utils] MethodGroupsHelper.sortMethods() took 0 ms.
""2026-04-30 23:22:26 [main] INFO  org.testng.internal.Utils - [Utils] MethodGroupsHelper.collectMethodsByGroup() took 0 ms.
""2026-04-30 23:22:26 [main] INFO  org.testng.internal.Utils - [Utils] MethodGroupsHelper.sortMethods() took 0 ms.
""2026-04-30 23:22:26 [main] INFO  org.testng.internal.Utils - [Utils] MethodGroupsHelper.collectMethodsByGroup() took 0 ms.
""2026-04-30 23:22:26 [main] INFO  org.testng.internal.Utils - [Utils] MethodGroupsHelper.sortMethods() took 0 ms.
""2026-04-30 23:22:26 [main] INFO  org.testng.internal.Utils - [Utils] MethodGroupsHelper.collectMethodsByGroup() took 0 ms.
""2026-04-30 23:22:26 [main] INFO  org.testng.internal.Utils - [Utils] MethodGroupsHelper.sortMethods() took 0 ms.
""2026-04-30 23:22:26 [main] INFO  org.testng.internal.Utils - [Utils] MethodGroupsHelper.collectMethodsByGroup() took 0 ms.
""2026-04-30 23:22:26 [main] INFO  org.testng.internal.Utils - [Utils] MethodGroupsHelper.sortMethods() took 0 ms.
""2026-04-30 23:22:26 [main] INFO  org.testng.internal.Utils - [Utils] MethodGroupsHelper.collectMethodsByGroup() took 0 ms.
""2026-04-30 23:22:26 [main] INFO  org.testng.internal.Utils - [Utils] MethodGroupsHelper.sortMethods() took 0 ms.
""2026-04-30 23:22:26 [main] INFO  org.testng.internal.Utils - [Utils] MethodGroupsHelper.collectMethodsByGroup() took 0 ms.
""2026-04-30 23:22:26 [main] INFO  org.testng.internal.Utils - [Utils] MethodGroupsHelper.sortMethods() took 0 ms.
""2026-04-30 23:22:26 [main] INFO  org.testng.internal.Utils - [Utils] MethodGroupsHelper.collectMethodsByGroup() took 0 ms.
""2026-04-30 23:22:26 [main] INFO  org.testng.internal.Utils - [Utils] MethodGroupsHelper.sortMethods() took 0 ms.
""2026-04-30 23:22:26 [main] INFO  org.testng.internal.Utils - [Utils] MethodGroupsHelper.collectMethodsByGroup() took 0 ms.
""2026-04-30 23:22:26 [main] INFO  org.testng.internal.Utils - [Utils] MethodGroupsHelper.sortMethods() took 0 ms.
""2026-04-30 23:22:26 [main] INFO  org.testng.internal.Utils - [Utils] MethodGroupsHelper.collectMethodsByGroup() took 0 ms.
""2026-04-30 23:22:26 [main] INFO  org.testng.internal.Utils - [Utils] MethodGroupsHelper.sortMethods() took 0 ms.
""2026-04-30 23:22:26 [main] INFO  org.testng.internal.Utils - [Utils] MethodGroupsHelper.collectMethodsByGroup() took 0 ms.
""2026-04-30 23:22:26 [main] INFO  org.testng.internal.Utils - [Utils] MethodGroupsHelper.sortMethods() took 0 ms.
""2026-04-30 23:22:26 [main] INFO  org.testng.internal.Utils - [Utils] MethodGroupsHelper.collectMethodsByGroup() took 5 ms.
""2026-04-30 23:22:26 [main] INFO  org.testng.internal.Utils - [Utils] MethodGroupsHelper.sortMethods() took 5 ms.
""2026-04-30 23:22:26 [main] INFO  org.testng.internal.Utils - [Utils] MethodGroupsHelper.collectMethodsByGroup() took 0 ms.
""2026-04-30 23:22:26 [main] INFO  org.testng.internal.Utils - [Utils] MethodGroupsHelper.sortMethods() took 0 ms.
""2026-04-30 23:22:26 [main] INFO  org.testng.internal.Utils - [Utils] MethodGroupsHelper.collectMethodsByGroup() took 0 ms.
""2026-04-30 23:22:26 [main] INFO  org.testng.internal.Utils - [Utils] MethodGroupsHelper.sortMethods() took 0 ms.
""2026-04-30 23:22:26 [main] INFO  org.testng.internal.Utils - [TestNG] Running:
  C:\Users\Aishw\AppData\Local\Temp\testng-eclipse-1910942979\testng-customsuite.xml

""2026-04-30 23:22:26 [main] INFO  org.testng.internal.Utils - [Utils] DynamicGraphHelper.createDynamicGraph() took 5 ms.
""2026-04-30 23:22:26 [main] INFO  org.utils.qa.Log - Login test is started
""2026-04-30 23:22:26 [main] INFO  org.utils.qa.Log - Launching the browser
""2026-04-30 23:22:29 [main] INFO  org.utils.qa.Log - Navigating to login page
""2026-04-30 23:22:31 [main] ERROR org.utils.qa.Log - Login page is not displayed
""2026-04-30 23:22:31 [main] WARN  org.utils.qa.Log - Close the browser
""2026-04-30 23:22:31 [main] INFO  org.testng.internal.Utils - [TestNG] Time taken by org.testng.reporters.jq.Main@1c6e0a08: 46 ms
""2026-04-30 23:22:31 [main] INFO  org.testng.internal.Utils - [TestNG] Time taken by org.testng.reporters.FailedReporter@1623bbe5: 1 ms
""2026-04-30 23:22:31 [main] INFO  org.testng.internal.Utils - [TestNG] Time taken by org.testng.reporters.XMLReporter@78c7f9b3: 5 ms
""2026-04-30 23:22:31 [main] INFO  org.testng.internal.Utils - [TestNG] Time taken by org.testng.reporters.EmailableReporter2@14faa38c: 4 ms
""2026-04-30 23:22:31 [main] INFO  org.testng.internal.Utils - [TestNG] Time taken by org.testng.reporters.JUnitReportReporter@5b6e8f77: 4 ms
""2026-04-30 23:22:31 [main] INFO  org.testng.internal.Utils - [TestNG] Time taken by org.testng.internal.ExitCodeListener@41a6d121: 0 ms
""2026-04-30 23:39:09 [main] INFO  org.testng.internal.Utils - [Utils] MethodGroupsHelper.collectMethodsByGroup() took 5 ms.
""2026-04-30 23:39:09 [main] INFO  org.testng.internal.Utils - [Utils] MethodGroupsHelper.sortMethods() took 8 ms.
""2026-04-30 23:39:09 [main] INFO  org.testng.internal.Utils - [Utils] MethodGroupsHelper.collectMethodsByGroup() took 1 ms.
""2026-04-30 23:39:09 [main] INFO  org.testng.internal.Utils - [Utils] MethodGroupsHelper.sortMethods() took 0 ms.
""2026-04-30 23:39:09 [main] INFO  org.testng.internal.Utils - [Utils] MethodGroupsHelper.collectMethodsByGroup() took 0 ms.
""2026-04-30 23:39:09 [main] INFO  org.testng.internal.Utils - [Utils] MethodGroupsHelper.sortMethods() took 0 ms.
""2026-04-30 23:39:09 [main] INFO  org.testng.internal.Utils - [Utils] MethodGroupsHelper.collectMethodsByGroup() took 0 ms.
""2026-04-30 23:39:09 [main] INFO  org.testng.internal.Utils - [Utils] MethodGroupsHelper.sortMethods() took 0 ms.
""2026-04-30 23:39:09 [main] INFO  org.testng.internal.Utils - [Utils] MethodGroupsHelper.collectMethodsByGroup() took 0 ms.
""2026-04-30 23:39:09 [main] INFO  org.testng.internal.Utils - [Utils] MethodGroupsHelper.sortMethods() took 0 ms.
""2026-04-30 23:39:09 [main] INFO  org.testng.internal.Utils - [Utils] MethodGroupsHelper.collectMethodsByGroup() took 0 ms.
""2026-04-30 23:39:09 [main] INFO  org.testng.internal.Utils - [Utils] MethodGroupsHelper.sortMethods() took 0 ms.
""2026-04-30 23:39:09 [main] INFO  org.testng.internal.Utils - [Utils] MethodGroupsHelper.collectMethodsByGroup() took 0 ms.
""2026-04-30 23:39:09 [main] INFO  org.testng.internal.Utils - [Utils] MethodGroupsHelper.sortMethods() took 0 ms.
""2026-04-30 23:39:09 [main] INFO  org.testng.internal.Utils - [Utils] MethodGroupsHelper.collectMethodsByGroup() took 0 ms.
""2026-04-30 23:39:09 [main] INFO  org.testng.internal.Utils - [Utils] MethodGroupsHelper.sortMethods() took 0 ms.
""2026-04-30 23:39:09 [main] INFO  org.testng.internal.Utils - [Utils] MethodGroupsHelper.collectMethodsByGroup() took 0 ms.
""2026-04-30 23:39:09 [main] INFO  org.testng.internal.Utils - [Utils] MethodGroupsHelper.sortMethods() took 1 ms.
""2026-04-30 23:39:09 [main] INFO  org.testng.internal.Utils - [Utils] MethodGroupsHelper.collectMethodsByGroup() took 0 ms.
""2026-04-30 23:39:09 [main] INFO  org.testng.internal.Utils - [Utils] MethodGroupsHelper.sortMethods() took 0 ms.
""2026-04-30 23:39:09 [main] INFO  org.testng.internal.Utils - [Utils] MethodGroupsHelper.collectMethodsByGroup() took 0 ms.
""2026-04-30 23:39:09 [main] INFO  org.testng.internal.Utils - [Utils] MethodGroupsHelper.sortMethods() took 0 ms.
""2026-04-30 23:39:09 [main] INFO  org.testng.internal.Utils - [Utils] MethodGroupsHelper.collectMethodsByGroup() took 0 ms.
""2026-04-30 23:39:09 [main] INFO  org.testng.internal.Utils - [Utils] MethodGroupsHelper.sortMethods() took 0 ms.
""2026-04-30 23:39:09 [main] INFO  org.testng.internal.Utils - [Utils] MethodGroupsHelper.collectMethodsByGroup() took 0 ms.
""2026-04-30 23:39:09 [main] INFO  org.testng.internal.Utils - [Utils] MethodGroupsHelper.sortMethods() took 2 ms.
""2026-04-30 23:39:09 [main] INFO  org.testng.internal.Utils - [Utils] MethodGroupsHelper.collectMethodsByGroup() took 0 ms.
""2026-04-30 23:39:09 [main] INFO  org.testng.internal.Utils - [Utils] MethodGroupsHelper.sortMethods() took 0 ms.
""2026-04-30 23:39:09 [main] INFO  org.testng.internal.Utils - [Utils] MethodGroupsHelper.collectMethodsByGroup() took 0 ms.
""2026-04-30 23:39:09 [main] INFO  org.testng.internal.Utils - [Utils] MethodGroupsHelper.sortMethods() took 0 ms.
""2026-04-30 23:39:09 [main] INFO  org.testng.internal.Utils - [TestNG] Running:
  C:\Users\Aishw\AppData\Local\Temp\testng-eclipse-1655290752\testng-customsuite.xml

""2026-04-30 23:39:10 [main] INFO  org.testng.internal.Utils - [Utils] DynamicGraphHelper.createDynamicGraph() took 3 ms.
""2026-04-30 23:39:36 [main] INFO  org.testng.internal.Utils - [TestNG] Time taken by org.testng.reporters.jq.Main@1f53481b: 35 ms
""2026-04-30 23:39:36 [main] INFO  org.testng.internal.Utils - [TestNG] Time taken by org.testng.reporters.FailedReporter@6f70a21b: 1 ms
""2026-04-30 23:39:36 [main] INFO  org.testng.internal.Utils - [TestNG] Time taken by org.testng.reporters.XMLReporter@12704e15: 13 ms
""2026-04-30 23:39:36 [main] INFO  org.testng.internal.Utils - [TestNG] Time taken by org.testng.reporters.EmailableReporter2@2dd0f797: 3 ms
""2026-04-30 23:39:36 [main] INFO  org.testng.internal.Utils - [TestNG] Time taken by org.testng.reporters.JUnitReportReporter@77865933: 2 ms
""2026-04-30 23:39:36 [main] INFO  org.testng.internal.Utils - [TestNG] Time taken by org.testng.internal.ExitCodeListener@480ad82c: 0 ms
""2026-04-30 23:40:16 [main] INFO  org.testng.internal.Utils - [Utils] MethodGroupsHelper.collectMethodsByGroup() took 4 ms.
""2026-04-30 23:40:16 [main] INFO  org.testng.internal.Utils - [Utils] MethodGroupsHelper.sortMethods() took 6 ms.
""2026-04-30 23:40:16 [main] INFO  org.testng.internal.Utils - [Utils] MethodGroupsHelper.collectMethodsByGroup() took 0 ms.
""2026-04-30 23:40:16 [main] INFO  org.testng.internal.Utils - [Utils] MethodGroupsHelper.sortMethods() took 0 ms.
""2026-04-30 23:40:16 [main] INFO  org.testng.internal.Utils - [Utils] MethodGroupsHelper.collectMethodsByGroup() took 0 ms.
""2026-04-30 23:40:16 [main] INFO  org.testng.internal.Utils - [Utils] MethodGroupsHelper.sortMethods() took 0 ms.
""2026-04-30 23:40:16 [main] INFO  org.testng.internal.Utils - [Utils] MethodGroupsHelper.collectMethodsByGroup() took 0 ms.
""2026-04-30 23:40:16 [main] INFO  org.testng.internal.Utils - [Utils] MethodGroupsHelper.sortMethods() took 0 ms.
""2026-04-30 23:40:16 [main] INFO  org.testng.internal.Utils - [Utils] MethodGroupsHelper.collectMethodsByGroup() took 0 ms.
""2026-04-30 23:40:16 [main] INFO  org.testng.internal.Utils - [Utils] MethodGroupsHelper.sortMethods() took 0 ms.
""2026-04-30 23:40:16 [main] INFO  org.testng.internal.Utils - [Utils] MethodGroupsHelper.collectMethodsByGroup() took 0 ms.
""2026-04-30 23:40:16 [main] INFO  org.testng.internal.Utils - [Utils] MethodGroupsHelper.sortMethods() took 0 ms.
""2026-04-30 23:40:16 [main] INFO  org.testng.internal.Utils - [Utils] MethodGroupsHelper.collectMethodsByGroup() took 0 ms.
""2026-04-30 23:40:16 [main] INFO  org.testng.internal.Utils - [Utils] MethodGroupsHelper.sortMethods() took 0 ms.
""2026-04-30 23:40:16 [main] INFO  org.testng.internal.Utils - [Utils] MethodGroupsHelper.collectMethodsByGroup() took 0 ms.
""2026-04-30 23:40:16 [main] INFO  org.testng.internal.Utils - [Utils] MethodGroupsHelper.sortMethods() took 0 ms.
""2026-04-30 23:40:16 [main] INFO  org.testng.internal.Utils - [Utils] MethodGroupsHelper.collectMethodsByGroup() took 0 ms.
""2026-04-30 23:40:16 [main] INFO  org.testng.internal.Utils - [Utils] MethodGroupsHelper.sortMethods() took 0 ms.
""2026-04-30 23:40:16 [main] INFO  org.testng.internal.Utils - [Utils] MethodGroupsHelper.collectMethodsByGroup() took 0 ms.
""2026-04-30 23:40:16 [main] INFO  org.testng.internal.Utils - [Utils] MethodGroupsHelper.sortMethods() took 0 ms.
""2026-04-30 23:40:16 [main] INFO  org.testng.internal.Utils - [Utils] MethodGroupsHelper.collectMethodsByGroup() took 1 ms.
""2026-04-30 23:40:16 [main] INFO  org.testng.internal.Utils - [Utils] MethodGroupsHelper.sortMethods() took 0 ms.
""2026-04-30 23:40:16 [main] INFO  org.testng.internal.Utils - [Utils] MethodGroupsHelper.collectMethodsByGroup() took 0 ms.
""2026-04-30 23:40:16 [main] INFO  org.testng.internal.Utils - [Utils] MethodGroupsHelper.sortMethods() took 0 ms.
""2026-04-30 23:40:16 [main] INFO  org.testng.internal.Utils - [Utils] MethodGroupsHelper.collectMethodsByGroup() took 2 ms.
""2026-04-30 23:40:16 [main] INFO  org.testng.internal.Utils - [Utils] MethodGroupsHelper.sortMethods() took 5 ms.
""2026-04-30 23:40:16 [main] INFO  org.testng.internal.Utils - [Utils] MethodGroupsHelper.collectMethodsByGroup() took 0 ms.
""2026-04-30 23:40:16 [main] INFO  org.testng.internal.Utils - [Utils] MethodGroupsHelper.sortMethods() took 0 ms.
""2026-04-30 23:40:16 [main] INFO  org.testng.internal.Utils - [Utils] MethodGroupsHelper.collectMethodsByGroup() took 0 ms.
""2026-04-30 23:40:16 [main] INFO  org.testng.internal.Utils - [Utils] MethodGroupsHelper.sortMethods() took 0 ms.
""2026-04-30 23:40:16 [main] INFO  org.testng.internal.Utils - [TestNG] Running:
  C:\Users\Aishw\AppData\Local\Temp\testng-eclipse-779125562\testng-customsuite.xml

""2026-04-30 23:40:16 [main] INFO  org.testng.internal.Utils - [Utils] DynamicGraphHelper.createDynamicGraph() took 1 ms.
""2026-04-30 23:40:33 [main] INFO  org.testng.internal.Utils - [TestNG] Time taken by org.testng.reporters.jq.Main@4cc36c19: 44 ms
""2026-04-30 23:40:33 [main] INFO  org.testng.internal.Utils - [TestNG] Time taken by org.testng.reporters.FailedReporter@4af45442: 1 ms
""2026-04-30 23:40:33 [main] INFO  org.testng.internal.Utils - [TestNG] Time taken by org.testng.reporters.XMLReporter@51ec2856: 8 ms
""2026-04-30 23:40:33 [main] INFO  org.testng.internal.Utils - [TestNG] Time taken by org.testng.reporters.EmailableReporter2@4b0f2299: 8 ms
""2026-04-30 23:40:33 [main] INFO  org.testng.internal.Utils - [TestNG] Time taken by org.testng.reporters.JUnitReportReporter@512575e9: 3 ms
""2026-04-30 23:40:33 [main] INFO  org.testng.internal.Utils - [TestNG] Time taken by org.testng.internal.ExitCodeListener@6f1a16fe: 0 ms
""2026-04-30 23:45:49 [main] INFO  org.testng.internal.Utils - [Utils] MethodGroupsHelper.collectMethodsByGroup() took 4 ms.
""2026-04-30 23:45:49 [main] INFO  org.testng.internal.Utils - [Utils] MethodGroupsHelper.sortMethods() took 7 ms.
""2026-04-30 23:45:49 [main] INFO  org.testng.internal.Utils - [Utils] MethodGroupsHelper.collectMethodsByGroup() took 0 ms.
""2026-04-30 23:45:49 [main] INFO  org.testng.internal.Utils - [Utils] MethodGroupsHelper.sortMethods() took 0 ms.
""2026-04-30 23:45:49 [main] INFO  org.testng.internal.Utils - [Utils] MethodGroupsHelper.collectMethodsByGroup() took 0 ms.
""2026-04-30 23:45:49 [main] INFO  org.testng.internal.Utils - [Utils] MethodGroupsHelper.sortMethods() took 0 ms.
""2026-04-30 23:45:49 [main] INFO  org.testng.internal.Utils - [Utils] MethodGroupsHelper.collectMethodsByGroup() took 0 ms.
""2026-04-30 23:45:49 [main] INFO  org.testng.internal.Utils - [Utils] MethodGroupsHelper.sortMethods() took 0 ms.
""2026-04-30 23:45:49 [main] INFO  org.testng.internal.Utils - [Utils] MethodGroupsHelper.collectMethodsByGroup() took 0 ms.
""2026-04-30 23:45:49 [main] INFO  org.testng.internal.Utils - [Utils] MethodGroupsHelper.sortMethods() took 0 ms.
""2026-04-30 23:45:49 [main] INFO  org.testng.internal.Utils - [Utils] MethodGroupsHelper.collectMethodsByGroup() took 0 ms.
""2026-04-30 23:45:49 [main] INFO  org.testng.internal.Utils - [Utils] MethodGroupsHelper.sortMethods() took 0 ms.
""2026-04-30 23:45:49 [main] INFO  org.testng.internal.Utils - [Utils] MethodGroupsHelper.collectMethodsByGroup() took 0 ms.
""2026-04-30 23:45:49 [main] INFO  org.testng.internal.Utils - [Utils] MethodGroupsHelper.sortMethods() took 0 ms.
""2026-04-30 23:45:49 [main] INFO  org.testng.internal.Utils - [Utils] MethodGroupsHelper.collectMethodsByGroup() took 0 ms.
""2026-04-30 23:45:49 [main] INFO  org.testng.internal.Utils - [Utils] MethodGroupsHelper.sortMethods() took 0 ms.
""2026-04-30 23:45:49 [main] INFO  org.testng.internal.Utils - [Utils] MethodGroupsHelper.collectMethodsByGroup() took 1 ms.
""2026-04-30 23:45:49 [main] INFO  org.testng.internal.Utils - [Utils] MethodGroupsHelper.sortMethods() took 0 ms.
""2026-04-30 23:45:49 [main] INFO  org.testng.internal.Utils - [Utils] MethodGroupsHelper.collectMethodsByGroup() took 0 ms.
""2026-04-30 23:45:49 [main] INFO  org.testng.internal.Utils - [Utils] MethodGroupsHelper.sortMethods() took 0 ms.
""2026-04-30 23:45:49 [main] INFO  org.testng.internal.Utils - [Utils] MethodGroupsHelper.collectMethodsByGroup() took 0 ms.
""2026-04-30 23:45:49 [main] INFO  org.testng.internal.Utils - [Utils] MethodGroupsHelper.sortMethods() took 0 ms.
""2026-04-30 23:45:49 [main] INFO  org.testng.internal.Utils - [Utils] MethodGroupsHelper.collectMethodsByGroup() took 0 ms.
""2026-04-30 23:45:49 [main] INFO  org.testng.internal.Utils - [Utils] MethodGroupsHelper.sortMethods() took 0 ms.
""2026-04-30 23:45:49 [main] INFO  org.testng.internal.Utils - [Utils] MethodGroupsHelper.collectMethodsByGroup() took 0 ms.
""2026-04-30 23:45:49 [main] INFO  org.testng.internal.Utils - [Utils] MethodGroupsHelper.sortMethods() took 1 ms.
""2026-04-30 23:45:49 [main] INFO  org.testng.internal.Utils - [Utils] MethodGroupsHelper.collectMethodsByGroup() took 0 ms.
""2026-04-30 23:45:49 [main] INFO  org.testng.internal.Utils - [Utils] MethodGroupsHelper.sortMethods() took 0 ms.
""2026-04-30 23:45:49 [main] INFO  org.testng.internal.Utils - [Utils] MethodGroupsHelper.collectMethodsByGroup() took 0 ms.
""2026-04-30 23:45:49 [main] INFO  org.testng.internal.Utils - [Utils] MethodGroupsHelper.sortMethods() took 0 ms.
""2026-04-30 23:45:49 [main] INFO  org.testng.internal.Utils - [TestNG] Running:
  C:\Users\Aishw\AppData\Local\Temp\testng-eclipse--1062776337\testng-customsuite.xml

""2026-04-30 23:45:49 [main] INFO  org.testng.internal.Utils - [Utils] DynamicGraphHelper.createDynamicGraph() took 2 ms.
""2026-04-30 23:46:06 [main] INFO  org.testng.internal.Utils - [TestNG] Time taken by org.testng.reporters.jq.Main@5de6cf3a: 44 ms
""2026-04-30 23:46:06 [main] INFO  org.testng.internal.Utils - [TestNG] Time taken by org.testng.reporters.FailedReporter@2100d047: 2 ms
""2026-04-30 23:46:06 [main] INFO  org.testng.internal.Utils - [TestNG] Time taken by org.testng.reporters.XMLReporter@37468787: 6 ms
""2026-04-30 23:46:06 [main] INFO  org.testng.internal.Utils - [TestNG] Time taken by org.testng.reporters.EmailableReporter2@7e0bc8a3: 3 ms
""2026-04-30 23:46:06 [main] INFO  org.testng.internal.Utils - [TestNG] Time taken by org.testng.reporters.JUnitReportReporter@12704e15: 3 ms
""2026-04-30 23:46:06 [main] INFO  org.testng.internal.Utils - [TestNG] Time taken by org.testng.internal.ExitCodeListener@512575e9: 0 ms
""2026-05-01 00:26:45 [main] INFO  org.testng.internal.Utils - [Utils] MethodGroupsHelper.collectMethodsByGroup() took 6 ms.
""2026-05-01 00:26:45 [main] INFO  org.testng.internal.Utils - [Utils] MethodGroupsHelper.sortMethods() took 11 ms.
""2026-05-01 00:26:45 [main] INFO  org.testng.internal.Utils - [Utils] MethodGroupsHelper.collectMethodsByGroup() took 0 ms.
""2026-05-01 00:26:45 [main] INFO  org.testng.internal.Utils - [Utils] MethodGroupsHelper.sortMethods() took 0 ms.
""2026-05-01 00:26:45 [main] INFO  org.testng.internal.Utils - [Utils] MethodGroupsHelper.collectMethodsByGroup() took 0 ms.
""2026-05-01 00:26:45 [main] INFO  org.testng.internal.Utils - [Utils] MethodGroupsHelper.sortMethods() took 0 ms.
""2026-05-01 00:26:45 [main] INFO  org.testng.internal.Utils - [Utils] MethodGroupsHelper.collectMethodsByGroup() took 0 ms.
""2026-05-01 00:26:45 [main] INFO  org.testng.internal.Utils - [Utils] MethodGroupsHelper.sortMethods() took 0 ms.
""2026-05-01 00:26:45 [main] INFO  org.testng.internal.Utils - [Utils] MethodGroupsHelper.collectMethodsByGroup() took 0 ms.
""2026-05-01 00:26:45 [main] INFO  org.testng.internal.Utils - [Utils] MethodGroupsHelper.sortMethods() took 0 ms.
""2026-05-01 00:26:45 [main] INFO  org.testng.internal.Utils - [Utils] MethodGroupsHelper.collectMethodsByGroup() took 0 ms.
""2026-05-01 00:26:45 [main] INFO  org.testng.internal.Utils - [Utils] MethodGroupsHelper.sortMethods() took 0 ms.
""2026-05-01 00:26:45 [main] INFO  org.testng.internal.Utils - [Utils] MethodGroupsHelper.collectMethodsByGroup() took 0 ms.
""2026-05-01 00:26:45 [main] INFO  org.testng.internal.Utils - [Utils] MethodGroupsHelper.sortMethods() took 0 ms.
""2026-05-01 00:26:45 [main] INFO  org.testng.internal.Utils - [Utils] MethodGroupsHelper.collectMethodsByGroup() took 0 ms.
""2026-05-01 00:26:45 [main] INFO  org.testng.internal.Utils - [Utils] MethodGroupsHelper.sortMethods() took 0 ms.
""2026-05-01 00:26:45 [main] INFO  org.testng.internal.Utils - [Utils] MethodGroupsHelper.collectMethodsByGroup() took 0 ms.
""2026-05-01 00:26:45 [main] INFO  org.testng.internal.Utils - [Utils] MethodGroupsHelper.sortMethods() took 0 ms.
""2026-05-01 00:26:45 [main] INFO  org.testng.internal.Utils - [Utils] MethodGroupsHelper.collectMethodsByGroup() took 0 ms.
""2026-05-01 00:26:45 [main] INFO  org.testng.internal.Utils - [Utils] MethodGroupsHelper.sortMethods() took 0 ms.
""2026-05-01 00:26:45 [main] INFO  org.testng.internal.Utils - [Utils] MethodGroupsHelper.collectMethodsByGroup() took 0 ms.
""2026-05-01 00:26:45 [main] INFO  org.testng.internal.Utils - [Utils] MethodGroupsHelper.sortMethods() took 0 ms.
""2026-05-01 00:26:45 [main] INFO  org.testng.internal.Utils - [Utils] MethodGroupsHelper.collectMethodsByGroup() took 0 ms.
""2026-05-01 00:26:45 [main] INFO  org.testng.internal.Utils - [Utils] MethodGroupsHelper.sortMethods() took 0 ms.
""2026-05-01 00:26:45 [main] INFO  org.testng.internal.Utils - [Utils] MethodGroupsHelper.collectMethodsByGroup() took 0 ms.
""2026-05-01 00:26:45 [main] INFO  org.testng.internal.Utils - [Utils] MethodGroupsHelper.sortMethods() took 4 ms.
""2026-05-01 00:26:45 [main] INFO  org.testng.internal.Utils - [Utils] MethodGroupsHelper.collectMethodsByGroup() took 0 ms.
""2026-05-01 00:26:45 [main] INFO  org.testng.internal.Utils - [Utils] MethodGroupsHelper.sortMethods() took 0 ms.
""2026-05-01 00:26:45 [main] INFO  org.testng.internal.Utils - [Utils] MethodGroupsHelper.collectMethodsByGroup() took 0 ms.
""2026-05-01 00:26:45 [main] INFO  org.testng.internal.Utils - [Utils] MethodGroupsHelper.sortMethods() took 1 ms.
""2026-05-01 00:26:45 [main] INFO  org.testng.internal.Utils - [TestNG] Running:
  C:\Users\Aishw\AppData\Local\Temp\testng-eclipse-248911976\testng-customsuite.xml

""2026-05-01 00:26:45 [main] INFO  org.testng.internal.Utils - [Utils] DynamicGraphHelper.createDynamicGraph() took 3 ms.
""2026-05-01 00:27:27 [main] INFO  org.testng.internal.Utils - [TestNG] Time taken by org.testng.reporters.jq.Main@4af45442: 65 ms
""2026-05-01 00:27:27 [main] INFO  org.testng.internal.Utils - [TestNG] Time taken by org.testng.reporters.FailedReporter@30ca0779: 2 ms
""2026-05-01 00:27:27 [main] INFO  org.testng.internal.Utils - [TestNG] Time taken by org.testng.reporters.XMLReporter@27e7c77f: 11 ms
""2026-05-01 00:27:27 [main] INFO  org.testng.internal.Utils - [TestNG] Time taken by org.testng.reporters.EmailableReporter2@5793b87: 4 ms
""2026-05-01 00:27:27 [main] INFO  org.testng.internal.Utils - [TestNG] Time taken by org.testng.reporters.JUnitReportReporter@7601bc96: 6 ms
""2026-05-01 00:27:27 [main] INFO  org.testng.internal.Utils - [TestNG] Time taken by org.testng.internal.ExitCodeListener@48a0c8aa: 0 ms
""2026-05-01 00:29:08 [main] INFO  org.testng.internal.Utils - [Utils] MethodGroupsHelper.collectMethodsByGroup() took 5 ms.
""2026-05-01 00:29:08 [main] INFO  org.testng.internal.Utils - [Utils] MethodGroupsHelper.sortMethods() took 12 ms.
""2026-05-01 00:29:08 [main] INFO  org.testng.internal.Utils - [Utils] MethodGroupsHelper.collectMethodsByGroup() took 0 ms.
""2026-05-01 00:29:08 [main] INFO  org.testng.internal.Utils - [Utils] MethodGroupsHelper.sortMethods() took 0 ms.
""2026-05-01 00:29:08 [main] INFO  org.testng.internal.Utils - [Utils] MethodGroupsHelper.collectMethodsByGroup() took 0 ms.
""2026-05-01 00:29:08 [main] INFO  org.testng.internal.Utils - [Utils] MethodGroupsHelper.sortMethods() took 0 ms.
""2026-05-01 00:29:08 [main] INFO  org.testng.internal.Utils - [Utils] MethodGroupsHelper.collectMethodsByGroup() took 0 ms.
""2026-05-01 00:29:08 [main] INFO  org.testng.internal.Utils - [Utils] MethodGroupsHelper.sortMethods() took 0 ms.
""2026-05-01 00:29:08 [main] INFO  org.testng.internal.Utils - [Utils] MethodGroupsHelper.collectMethodsByGroup() took 0 ms.
""2026-05-01 00:29:08 [main] INFO  org.testng.internal.Utils - [Utils] MethodGroupsHelper.sortMethods() took 0 ms.
""2026-05-01 00:29:08 [main] INFO  org.testng.internal.Utils - [Utils] MethodGroupsHelper.collectMethodsByGroup() took 0 ms.
""2026-05-01 00:29:08 [main] INFO  org.testng.internal.Utils - [Utils] MethodGroupsHelper.sortMethods() took 0 ms.
""2026-05-01 00:29:08 [main] INFO  org.testng.internal.Utils - [Utils] MethodGroupsHelper.collectMethodsByGroup() took 0 ms.
""2026-05-01 00:29:08 [main] INFO  org.testng.internal.Utils - [Utils] MethodGroupsHelper.sortMethods() took 0 ms.
""2026-05-01 00:29:08 [main] INFO  org.testng.internal.Utils - [Utils] MethodGroupsHelper.collectMethodsByGroup() took 0 ms.
""2026-05-01 00:29:08 [main] INFO  org.testng.internal.Utils - [Utils] MethodGroupsHelper.sortMethods() took 0 ms.
""2026-05-01 00:29:08 [main] INFO  org.testng.internal.Utils - [Utils] MethodGroupsHelper.collectMethodsByGroup() took 0 ms.
""2026-05-01 00:29:08 [main] INFO  org.testng.internal.Utils - [Utils] MethodGroupsHelper.sortMethods() took 0 ms.
""2026-05-01 00:29:08 [main] INFO  org.testng.internal.Utils - [Utils] MethodGroupsHelper.collectMethodsByGroup() took 0 ms.
""2026-05-01 00:29:08 [main] INFO  org.testng.internal.Utils - [Utils] MethodGroupsHelper.sortMethods() took 0 ms.
""2026-05-01 00:29:08 [main] INFO  org.testng.internal.Utils - [Utils] MethodGroupsHelper.collectMethodsByGroup() took 0 ms.
""2026-05-01 00:29:08 [main] INFO  org.testng.internal.Utils - [Utils] MethodGroupsHelper.sortMethods() took 0 ms.
""2026-05-01 00:29:08 [main] INFO  org.testng.internal.Utils - [Utils] MethodGroupsHelper.collectMethodsByGroup() took 0 ms.
""2026-05-01 00:29:08 [main] INFO  org.testng.internal.Utils - [Utils] MethodGroupsHelper.sortMethods() took 0 ms.
""2026-05-01 00:29:08 [main] INFO  org.testng.internal.Utils - [Utils] MethodGroupsHelper.collectMethodsByGroup() took 0 ms.
""2026-05-01 00:29:08 [main] INFO  org.testng.internal.Utils - [Utils] MethodGroupsHelper.sortMethods() took 4 ms.
""2026-05-01 00:29:08 [main] INFO  org.testng.internal.Utils - [Utils] MethodGroupsHelper.collectMethodsByGroup() took 0 ms.
""2026-05-01 00:29:08 [main] INFO  org.testng.internal.Utils - [Utils] MethodGroupsHelper.sortMethods() took 0 ms.
""2026-05-01 00:29:08 [main] INFO  org.testng.internal.Utils - [Utils] MethodGroupsHelper.collectMethodsByGroup() took 0 ms.
""2026-05-01 00:29:08 [main] INFO  org.testng.internal.Utils - [Utils] MethodGroupsHelper.sortMethods() took 0 ms.
""2026-05-01 00:29:08 [main] INFO  org.testng.internal.Utils - [TestNG] Running:
  C:\Users\Aishw\AppData\Local\Temp\testng-eclipse-1825059654\testng-customsuite.xml

""2026-05-01 00:29:08 [main] INFO  org.testng.internal.Utils - [Utils] DynamicGraphHelper.createDynamicGraph() took 4 ms.
""2026-05-01 00:29:48 [main] INFO  org.testng.internal.Utils - [TestNG] Time taken by org.testng.reporters.jq.Main@6ae62c7e: 74 ms
""2026-05-01 00:29:48 [main] INFO  org.testng.internal.Utils - [TestNG] Time taken by org.testng.reporters.FailedReporter@5d497a91: 1 ms
""2026-05-01 00:29:48 [main] INFO  org.testng.internal.Utils - [TestNG] Time taken by org.testng.reporters.XMLReporter@7601bc96: 14 ms
""2026-05-01 00:29:48 [main] INFO  org.testng.internal.Utils - [TestNG] Time taken by org.testng.reporters.EmailableReporter2@53d13cd4: 4 ms
""2026-05-01 00:29:48 [main] INFO  org.testng.internal.Utils - [TestNG] Time taken by org.testng.reporters.JUnitReportReporter@44032fde: 3 ms
""2026-05-01 00:29:48 [main] INFO  org.testng.internal.Utils - [TestNG] Time taken by org.testng.internal.ExitCodeListener@7b676112: 1 ms
""2026-05-01 00:31:24 [main] INFO  org.testng.internal.Utils - [Utils] MethodGroupsHelper.collectMethodsByGroup() took 6 ms.
""2026-05-01 00:31:24 [main] INFO  org.testng.internal.Utils - [Utils] MethodGroupsHelper.sortMethods() took 12 ms.
""2026-05-01 00:31:24 [main] INFO  org.testng.internal.Utils - [Utils] MethodGroupsHelper.collectMethodsByGroup() took 0 ms.
""2026-05-01 00:31:24 [main] INFO  org.testng.internal.Utils - [Utils] MethodGroupsHelper.sortMethods() took 0 ms.
""2026-05-01 00:31:24 [main] INFO  org.testng.internal.Utils - [Utils] MethodGroupsHelper.collectMethodsByGroup() took 0 ms.
""2026-05-01 00:31:24 [main] INFO  org.testng.internal.Utils - [Utils] MethodGroupsHelper.sortMethods() took 0 ms.
""2026-05-01 00:31:24 [main] INFO  org.testng.internal.Utils - [Utils] MethodGroupsHelper.collectMethodsByGroup() took 0 ms.
""2026-05-01 00:31:24 [main] INFO  org.testng.internal.Utils - [Utils] MethodGroupsHelper.sortMethods() took 0 ms.
""2026-05-01 00:31:24 [main] INFO  org.testng.internal.Utils - [Utils] MethodGroupsHelper.collectMethodsByGroup() took 0 ms.
""2026-05-01 00:31:24 [main] INFO  org.testng.internal.Utils - [Utils] MethodGroupsHelper.sortMethods() took 0 ms.
""2026-05-01 00:31:24 [main] INFO  org.testng.internal.Utils - [Utils] MethodGroupsHelper.collectMethodsByGroup() took 0 ms.
""2026-05-01 00:31:24 [main] INFO  org.testng.internal.Utils - [Utils] MethodGroupsHelper.sortMethods() took 0 ms.
""2026-05-01 00:31:24 [main] INFO  org.testng.internal.Utils - [Utils] MethodGroupsHelper.collectMethodsByGroup() took 0 ms.
""2026-05-01 00:31:24 [main] INFO  org.testng.internal.Utils - [Utils] MethodGroupsHelper.sortMethods() took 0 ms.
""2026-05-01 00:31:24 [main] INFO  org.testng.internal.Utils - [Utils] MethodGroupsHelper.collectMethodsByGroup() took 0 ms.
""2026-05-01 00:31:24 [main] INFO  org.testng.internal.Utils - [Utils] MethodGroupsHelper.sortMethods() took 0 ms.
""2026-05-01 00:31:24 [main] INFO  org.testng.internal.Utils - [Utils] MethodGroupsHelper.collectMethodsByGroup() took 0 ms.
""2026-05-01 00:31:24 [main] INFO  org.testng.internal.Utils - [Utils] MethodGroupsHelper.sortMethods() took 0 ms.
""2026-05-01 00:31:24 [main] INFO  org.testng.internal.Utils - [Utils] MethodGroupsHelper.collectMethodsByGroup() took 0 ms.
""2026-05-01 00:31:24 [main] INFO  org.testng.internal.Utils - [Utils] MethodGroupsHelper.sortMethods() took 0 ms.
""2026-05-01 00:31:24 [main] INFO  org.testng.internal.Utils - [Utils] MethodGroupsHelper.collectMethodsByGroup() took 0 ms.
""2026-05-01 00:31:24 [main] INFO  org.testng.internal.Utils - [Utils] MethodGroupsHelper.sortMethods() took 1 ms.
""2026-05-01 00:31:24 [main] INFO  org.testng.internal.Utils - [Utils] MethodGroupsHelper.collectMethodsByGroup() took 0 ms.
""2026-05-01 00:31:24 [main] INFO  org.testng.internal.Utils - [Utils] MethodGroupsHelper.sortMethods() took 0 ms.
""2026-05-01 00:31:24 [main] INFO  org.testng.internal.Utils - [Utils] MethodGroupsHelper.collectMethodsByGroup() took 0 ms.
""2026-05-01 00:31:24 [main] INFO  org.testng.internal.Utils - [Utils] MethodGroupsHelper.sortMethods() took 5 ms.
""2026-05-01 00:31:24 [main] INFO  org.testng.internal.Utils - [Utils] MethodGroupsHelper.collectMethodsByGroup() took 0 ms.
""2026-05-01 00:31:24 [main] INFO  org.testng.internal.Utils - [Utils] MethodGroupsHelper.sortMethods() took 0 ms.
""2026-05-01 00:31:24 [main] INFO  org.testng.internal.Utils - [Utils] MethodGroupsHelper.collectMethodsByGroup() took 0 ms.
""2026-05-01 00:31:24 [main] INFO  org.testng.internal.Utils - [Utils] MethodGroupsHelper.sortMethods() took 0 ms.
""2026-05-01 00:31:24 [main] INFO  org.testng.internal.Utils - [TestNG] Running:
  C:\Users\Aishw\AppData\Local\Temp\testng-eclipse--42729335\testng-customsuite.xml

""2026-05-01 00:31:24 [main] INFO  org.testng.internal.Utils - [Utils] DynamicGraphHelper.createDynamicGraph() took 3 ms.
""2026-05-01 00:32:00 [main] INFO  org.testng.internal.Utils - [TestNG] Time taken by org.testng.reporters.jq.Main@48a0c8aa: 71 ms
""2026-05-01 00:32:00 [main] INFO  org.testng.internal.Utils - [TestNG] Time taken by org.testng.reporters.FailedReporter@4cbc2e3b: 1 ms
""2026-05-01 00:32:00 [main] INFO  org.testng.internal.Utils - [TestNG] Time taken by org.testng.reporters.XMLReporter@4c2af006: 7 ms
""2026-05-01 00:32:00 [main] INFO  org.testng.internal.Utils - [TestNG] Time taken by org.testng.reporters.EmailableReporter2@6fa13e6: 9 ms
""2026-05-01 00:32:00 [main] INFO  org.testng.internal.Utils - [TestNG] Time taken by org.testng.reporters.JUnitReportReporter@446626a7: 4 ms
""2026-05-01 00:32:00 [main] INFO  org.testng.internal.Utils - [TestNG] Time taken by org.testng.internal.ExitCodeListener@429f7919: 0 ms
""2026-05-01 00:44:20 [main] INFO  org.testng.internal.Utils - [Utils] MethodGroupsHelper.collectMethodsByGroup() took 5 ms.
""2026-05-01 00:44:20 [main] INFO  org.testng.internal.Utils - [Utils] MethodGroupsHelper.sortMethods() took 13 ms.
""2026-05-01 00:44:20 [main] INFO  org.testng.internal.Utils - [Utils] MethodGroupsHelper.collectMethodsByGroup() took 0 ms.
""2026-05-01 00:44:20 [main] INFO  org.testng.internal.Utils - [Utils] MethodGroupsHelper.sortMethods() took 0 ms.
""2026-05-01 00:44:20 [main] INFO  org.testng.internal.Utils - [Utils] MethodGroupsHelper.collectMethodsByGroup() took 0 ms.
""2026-05-01 00:44:20 [main] INFO  org.testng.internal.Utils - [Utils] MethodGroupsHelper.sortMethods() took 0 ms.
""2026-05-01 00:44:20 [main] INFO  org.testng.internal.Utils - [Utils] MethodGroupsHelper.collectMethodsByGroup() took 0 ms.
""2026-05-01 00:44:20 [main] INFO  org.testng.internal.Utils - [Utils] MethodGroupsHelper.sortMethods() took 0 ms.
""2026-05-01 00:44:20 [main] INFO  org.testng.internal.Utils - [Utils] MethodGroupsHelper.collectMethodsByGroup() took 0 ms.
""2026-05-01 00:44:20 [main] INFO  org.testng.internal.Utils - [Utils] MethodGroupsHelper.sortMethods() took 0 ms.
""2026-05-01 00:44:20 [main] INFO  org.testng.internal.Utils - [Utils] MethodGroupsHelper.collectMethodsByGroup() took 0 ms.
""2026-05-01 00:44:20 [main] INFO  org.testng.internal.Utils - [Utils] MethodGroupsHelper.sortMethods() took 0 ms.
""2026-05-01 00:44:20 [main] INFO  org.testng.internal.Utils - [Utils] MethodGroupsHelper.collectMethodsByGroup() took 0 ms.
""2026-05-01 00:44:20 [main] INFO  org.testng.internal.Utils - [Utils] MethodGroupsHelper.sortMethods() took 0 ms.
""2026-05-01 00:44:20 [main] INFO  org.testng.internal.Utils - [Utils] MethodGroupsHelper.collectMethodsByGroup() took 0 ms.
""2026-05-01 00:44:20 [main] INFO  org.testng.internal.Utils - [Utils] MethodGroupsHelper.sortMethods() took 0 ms.
""2026-05-01 00:44:20 [main] INFO  org.testng.internal.Utils - [Utils] MethodGroupsHelper.collectMethodsByGroup() took 0 ms.
""2026-05-01 00:44:20 [main] INFO  org.testng.internal.Utils - [Utils] MethodGroupsHelper.sortMethods() took 1 ms.
""2026-05-01 00:44:20 [main] INFO  org.testng.internal.Utils - [Utils] MethodGroupsHelper.collectMethodsByGroup() took 0 ms.
""2026-05-01 00:44:20 [main] INFO  org.testng.internal.Utils - [Utils] MethodGroupsHelper.sortMethods() took 1 ms.
""2026-05-01 00:44:20 [main] INFO  org.testng.internal.Utils - [Utils] MethodGroupsHelper.collectMethodsByGroup() took 0 ms.
""2026-05-01 00:44:20 [main] INFO  org.testng.internal.Utils - [Utils] MethodGroupsHelper.sortMethods() took 0 ms.
""2026-05-01 00:44:20 [main] INFO  org.testng.internal.Utils - [Utils] MethodGroupsHelper.collectMethodsByGroup() took 0 ms.
""2026-05-01 00:44:20 [main] INFO  org.testng.internal.Utils - [Utils] MethodGroupsHelper.sortMethods() took 0 ms.
""2026-05-01 00:44:20 [main] INFO  org.testng.internal.Utils - [Utils] MethodGroupsHelper.collectMethodsByGroup() took 0 ms.
""2026-05-01 00:44:20 [main] INFO  org.testng.internal.Utils - [Utils] MethodGroupsHelper.sortMethods() took 4 ms.
""2026-05-01 00:44:20 [main] INFO  org.testng.internal.Utils - [Utils] MethodGroupsHelper.collectMethodsByGroup() took 0 ms.
""2026-05-01 00:44:20 [main] INFO  org.testng.internal.Utils - [Utils] MethodGroupsHelper.sortMethods() took 0 ms.
""2026-05-01 00:44:20 [main] INFO  org.testng.internal.Utils - [Utils] MethodGroupsHelper.collectMethodsByGroup() took 0 ms.
""2026-05-01 00:44:20 [main] INFO  org.testng.internal.Utils - [Utils] MethodGroupsHelper.sortMethods() took 0 ms.
""2026-05-01 00:44:20 [main] INFO  org.testng.internal.Utils - [TestNG] Running:
  C:\Users\Aishw\AppData\Local\Temp\testng-eclipse-1846487933\testng-customsuite.xml

""2026-05-01 00:44:21 [main] INFO  org.testng.internal.Utils - [Utils] DynamicGraphHelper.createDynamicGraph() took 4 ms.
""2026-05-01 00:45:09 [main] INFO  org.testng.internal.Utils - [TestNG] Time taken by org.testng.reporters.jq.Main@714f3da4: 67 ms
""2026-05-01 00:45:09 [main] INFO  org.testng.internal.Utils - [TestNG] Time taken by org.testng.reporters.FailedReporter@2fcd7d3f: 2 ms
""2026-05-01 00:45:09 [main] INFO  org.testng.internal.Utils - [TestNG] Time taken by org.testng.reporters.XMLReporter@70730db: 12 ms
""2026-05-01 00:45:09 [main] INFO  org.testng.internal.Utils - [TestNG] Time taken by org.testng.reporters.EmailableReporter2@424de326: 4 ms
""2026-05-01 00:45:09 [main] INFO  org.testng.internal.Utils - [TestNG] Time taken by org.testng.reporters.JUnitReportReporter@671c4166: 3 ms
""2026-05-01 00:45:09 [main] INFO  org.testng.internal.Utils - [TestNG] Time taken by org.testng.internal.ExitCodeListener@53d13cd4: 0 ms
""2026-05-08 07:19:30 [main] INFO  org.testng.internal.Utils - [Utils] MethodGroupsHelper.collectMethodsByGroup() took 1 ms.
""2026-05-08 07:19:30 [main] INFO  org.testng.internal.Utils - [Utils] MethodGroupsHelper.sortMethods() took 2 ms.
""2026-05-08 07:19:30 [main] INFO  org.testng.internal.Utils - [Utils] MethodGroupsHelper.collectMethodsByGroup() took 0 ms.
""2026-05-08 07:19:30 [main] INFO  org.testng.internal.Utils - [Utils] MethodGroupsHelper.sortMethods() took 0 ms.
""2026-05-08 07:19:30 [main] INFO  org.testng.internal.Utils - [Utils] MethodGroupsHelper.collectMethodsByGroup() took 0 ms.
""2026-05-08 07:19:30 [main] INFO  org.testng.internal.Utils - [Utils] MethodGroupsHelper.sortMethods() took 0 ms.
""2026-05-08 07:19:30 [main] INFO  org.testng.internal.Utils - [Utils] MethodGroupsHelper.collectMethodsByGroup() took 0 ms.
""2026-05-08 07:19:30 [main] INFO  org.testng.internal.Utils - [Utils] MethodGroupsHelper.sortMethods() took 0 ms.
""2026-05-08 07:19:30 [main] INFO  org.testng.internal.Utils - [Utils] MethodGroupsHelper.collectMethodsByGroup() took 0 ms.
""2026-05-08 07:19:30 [main] INFO  org.testng.internal.Utils - [Utils] MethodGroupsHelper.sortMethods() took 0 ms.
""2026-05-08 07:19:30 [main] INFO  org.testng.internal.Utils - [Utils] MethodGroupsHelper.collectMethodsByGroup() took 0 ms.
""2026-05-08 07:19:30 [main] INFO  org.testng.internal.Utils - [Utils] MethodGroupsHelper.sortMethods() took 0 ms.
""2026-05-08 07:19:30 [main] INFO  org.testng.internal.Utils - [Utils] MethodGroupsHelper.collectMethodsByGroup() took 0 ms.
""2026-05-08 07:19:30 [main] INFO  org.testng.internal.Utils - [Utils] MethodGroupsHelper.sortMethods() took 0 ms.
""2026-05-08 07:19:30 [main] INFO  org.testng.internal.Utils - [Utils] MethodGroupsHelper.collectMethodsByGroup() took 0 ms.
""2026-05-08 07:19:30 [main] INFO  org.testng.internal.Utils - [Utils] MethodGroupsHelper.sortMethods() took 0 ms.
""2026-05-08 07:19:30 [main] INFO  org.testng.internal.Utils - [Utils] MethodGroupsHelper.collectMethodsByGroup() took 0 ms.
""2026-05-08 07:19:31 [main] INFO  org.testng.internal.Utils - [Utils] MethodGroupsHelper.sortMethods() took 0 ms.
""2026-05-08 07:19:31 [main] INFO  org.testng.internal.Utils - [Utils] MethodGroupsHelper.collectMethodsByGroup() took 0 ms.
""2026-05-08 07:19:31 [main] INFO  org.testng.internal.Utils - [Utils] MethodGroupsHelper.sortMethods() took 0 ms.
""2026-05-08 07:19:31 [main] INFO  org.testng.internal.Utils - [Utils] MethodGroupsHelper.collectMethodsByGroup() took 0 ms.
""2026-05-08 07:19:31 [main] INFO  org.testng.internal.Utils - [Utils] MethodGroupsHelper.sortMethods() took 0 ms.
""2026-05-08 07:19:31 [main] INFO  org.testng.internal.Utils - [Utils] MethodGroupsHelper.collectMethodsByGroup() took 0 ms.
""2026-05-08 07:19:31 [main] INFO  org.testng.internal.Utils - [Utils] MethodGroupsHelper.sortMethods() took 0 ms.
""2026-05-08 07:19:31 [main] INFO  org.testng.internal.Utils - [Utils] MethodGroupsHelper.collectMethodsByGroup() took 8 ms.
""2026-05-08 07:19:31 [main] INFO  org.testng.internal.Utils - [Utils] MethodGroupsHelper.sortMethods() took 8 ms.
""2026-05-08 07:19:31 [main] INFO  org.testng.internal.Utils - [Utils] MethodGroupsHelper.collectMethodsByGroup() took 0 ms.
""2026-05-08 07:19:31 [main] INFO  org.testng.internal.Utils - [Utils] MethodGroupsHelper.sortMethods() took 0 ms.
""2026-05-08 07:19:31 [main] INFO  org.testng.internal.Utils - [Utils] MethodGroupsHelper.collectMethodsByGroup() took 0 ms.
""2026-05-08 07:19:31 [main] INFO  org.testng.internal.Utils - [Utils] MethodGroupsHelper.sortMethods() took 0 ms.
""2026-05-08 07:19:31 [main] INFO  org.testng.internal.Utils - [TestNG] Running:
  C:\Users\Aishw\AppData\Local\Temp\testng-eclipse-711227286\testng-customsuite.xml

""2026-05-08 07:19:31 [main] INFO  org.testng.internal.Utils - [Utils] DynamicGraphHelper.createDynamicGraph() took 6 ms.
""2026-05-08 07:19:31 [main] INFO  org.utils.qa.Log - Login test is started
""2026-05-08 07:19:31 [main] INFO  org.utils.qa.Log - Launching the browser
""2026-05-08 07:19:37 [main] INFO  org.utils.qa.Log - Navigating to login page
""2026-05-08 07:19:39 [main] ERROR org.utils.qa.Log - Login page is not displayed
""2026-05-08 07:19:39 [main] WARN  org.utils.qa.Log - Close the browser
""2026-05-08 07:19:39 [main] INFO  org.testng.internal.Utils - [TestNG] Time taken by org.testng.reporters.jq.Main@5b5caf08: 49 ms
""2026-05-08 07:19:39 [main] INFO  org.testng.internal.Utils - [TestNG] Time taken by org.testng.reporters.FailedReporter@7e97551f: 1 ms
""2026-05-08 07:19:39 [main] INFO  org.testng.internal.Utils - [TestNG] Time taken by org.testng.reporters.XMLReporter@13e698c7: 6 ms
""2026-05-08 07:19:39 [main] INFO  org.testng.internal.Utils - [TestNG] Time taken by org.testng.reporters.EmailableReporter2@6eafb10e: 7 ms
""2026-05-08 07:19:39 [main] INFO  org.testng.internal.Utils - [TestNG] Time taken by org.testng.reporters.JUnitReportReporter@779de014: 4 ms
""2026-05-08 07:19:39 [main] INFO  org.testng.internal.Utils - [TestNG] Time taken by org.testng.internal.ExitCodeListener@5c41d037: 0 ms
"